	4	818	8	12	20	24	28	226	32	51	31	231	36	44	48	50	52	56	84	204	64	68	70	72	76	96	100	854	108	152	156	188	208	276	212	214	262	218	222	384	232	233	242	246	250	266	270	268	288	308	300	320	324	624	328	332	340	356	360	368	364	372	352	376	380	388	392	887	400	116	120	124	132	398	634	404	417	296	170	174	178	180	408	410	927	191	192	414	418	426	428	422	430	434	438	440	442	450	454	458	462	466	470	504	584	478	480	807	484	583	498	492	496	499	508	104	516	520	524	554	558	528	562	566	578	512	40	586	585	591	598	600	604	608	616	620	646	642	643	659	662	670	90	894	882	674	678	682	752	756	686	688	690	694	716	702	703	705	706	724	144	710	729	728	740	748	760	762	834	764	626	768	776	780	148	203	788	792	795	798	800	804	348	858	860	548	336	862	784	840	826	704	112	140	196	10	304
4	1	3	2	1	3	1	3	2	2	2	3	3	3	3	2	2	3	2	1	2	3	2	3	1	2	2	1	3	3	1	1	3	3	3	1	2	1	2	3	2	3	2	2	1	3	3	2	2	1	3	2	2	2	2	3	1	3	1	1	3	2	2	3	3	3	3	1	2	2	3	2	1	2	2	2	1	3	2	2	1	1	2	2	1	1	2	1	1	1	3	2	3	1	1	3	1	3	3	1	3	1	2	3	1	3	3	2	2	3	3	3	1	1	3	3	3	3	1	2	2	3	3	1	3	2	2	1	2	2	3	1	2	2	3	1	1	2	3	3	3	3	1	2	3	3	1	2	3	2	1	3	1	2	1	1	3	1	3	1	1	1	2	3	3	3	1	1	3	3	1	1	1	1	1	2	3	3	3	1	1	3	3	1	1	1	1	2	3	3	3	1	1	3	3	1	3	1
818	1	1	3	1	1	3	3	1	1	2	1	3	2	3	1	1	3	2	1	3	2	3	2	1	3	2	2	3	2	1	3	1	3	3	2	1	3	3	1	3	1	1	1	2	3	1	2	1	2	2	2	2	2	2	3	3	3	1	3	3	1	1	3	3	1	2	2	1	2	2	2	2	2	3	1	3	1	2	3	2	1	1	1	3	2	3	3	1	1	1	3	2	1	2	2	1	2	2	3	1	1	3	1	2	3	2	1	3	3	3	2	1	2	1	1	3	2	1	1	2	1	1	3	2	2	3	3	2	2	3	2	2	2	3	3	2	3	3	1	1	3	2	2	2	1	1	1	1	1	3	1	3	1	2	3	1	3	1	1	3	3	2	1	3	1	3	2	2	2	2	2	2	3	3	2	1	3	1	3	2	2	2	2	2	3	3	2	1	3	1	3	2	2	2	2	2	2
8	3	1	2	1	3	3	3	2	2	1	1	2	1	3	3	1	3	3	1	2	1	1	2	3	1	1	3	2	1	3	3	1	1	2	1	1	2	2	2	3	2	3	2	3	3	1	3	2	1	3	2	3	1	3	2	1	1	3	2	1	2	1	2	3	2	1	1	2	3	1	1	3	2	2	2	3	2	3	3	2	2	3	1	3	1	2	1	1	2	2	2	1	3	2	3	2	1	3	3	3	3	3	1	3	2	2	2	1	1	2	2	3	2	1	1	3	2	1	2	3	2	2	1	2	3	1	3	1	3	1	1	2	1	1	1	3	2	2	1	2	3	3	3	1	2	1	1	3	1	3	1	3	2	3	2	2	1	1	3	2	3	1	2	1	1	1	2	1	2	3	3	1	2	3	1	2	1	1	1	2	1	2	3	3	2	3	1	2	1	1	1	2	1	2	3	2	3
12	2	1	2	1	1	2	2	1	1	1	2	3	1	3	1	2	1	1	2	2	3	1	3	1	2	3	3	3	3	1	2	2	2	2	2	1	3	2	1	2	1	2	2	3	3	2	2	3	3	2	1	3	3	2	3	1	1	3	1	3	1	1	2	1	3	3	2	2	1	2	2	2	1	3	1	3	1	1	1	1	1	1	3	2	2	2	3	1	3	2	2	1	2	2	3	3	2	2	2	3	1	3	3	3	2	3	2	2	3	2	2	1	1	1	3	3	3	1	3	3	1	2	2	1	3	3	2	1	1	2	3	2	3	3	1	1	1	1	1	1	1	2	2	1	2	1	3	1	3	3	3	1	2	2	2	1	3	1	3	2	1	1	2	3	2	2	1	3	2	3	1	1	2	1	1	2	3	2	2	1	3	2	3	1	2	1	1	2	3	2	2	1	3	2	3	2	3
20	2	3	3	2	3	3	3	2	3	3	3	3	1	3	1	1	2	3	1	1	1	1	1	3	2	3	1	3	2	2	3	1	2	1	3	3	2	2	1	1	1	1	2	2	3	3	2	2	3	1	1	2	2	1	2	1	1	2	1	2	1	1	3	3	1	1	2	3	1	3	3	2	2	2	1	2	2	2	2	3	3	2	1	3	3	1	2	2	3	3	1	3	1	2	2	2	3	1	2	2	3	3	3	2	1	1	1	1	2	3	2	1	1	2	2	2	3	1	2	1	3	2	3	2	2	1	2	3	1	2	1	2	2	1	2	2	1	2	2	1	1	3	3	3	1	1	1	3	3	1	3	2	2	2	1	2	2	1	1	2	1	3	3	2	3	1	1	1	3	3	1	3	2	1	3	3	2	3	1	1	1	3	3	1	2	1	3	3	2	3	1	1	1	3	3	3	3
24	3	1	2	2	2	2	1	3	3	2	1	3	2	2	2	3	3	3	3	2	2	3	2	1	1	2	1	2	2	2	1	2	2	1	3	1	2	2	3	1	1	1	3	2	2	3	3	2	3	3	2	2	2	1	3	2	2	2	3	1	2	2	1	2	2	2	2	3	1	2	2	3	3	2	2	3	2	1	3	1	2	3	3	2	2	3	1	2	2	3	1	1	2	3	1	1	1	3	3	3	2	2	1	1	3	1	2	3	1	3	2	3	2	3	2	1	3	3	1	2	2	3	3	2	2	2	2	3	3	2	3	1	3	1	1	3	2	1	2	3	1	2	3	2	3	1	3	3	1	2	3	1	2	2	2	2	3	3	3	3	1	3	3	1	3	2	3	2	3	1	3	3	3	1	3	3	1	3	2	3	2	3	1	3	3	1	3	3	1	3	2	3	2	3	1	3	1
28	1	2	2	1	2	3	1	2	1	1	1	1	2	2	3	1	2	1	2	3	3	2	2	3	3	1	3	1	1	1	3	3	1	2	1	1	3	2	2	1	2	3	3	1	2	2	1	1	1	2	3	3	2	2	3	3	2	1	1	3	3	3	1	2	3	1	3	2	1	2	3	2	2	1	3	2	3	3	3	3	1	3	1	1	2	1	3	1	3	3	3	2	3	3	1	1	1	2	3	1	3	2	1	2	3	3	3	2	1	3	2	1	3	3	3	3	3	1	2	3	2	1	3	2	3	2	2	2	1	1	3	2	2	1	3	2	1	2	2	2	2	3	3	2	3	3	3	1	3	2	1	3	1	1	2	1	2	3	1	2	3	2	3	1	3	2	1	2	3	1	1	3	2	3	2	3	1	3	2	1	2	3	1	1	2	3	2	3	1	3	2	1	2	3	1	3	1
226	1	2	1	3	2	2	1	3	3	3	3	3	1	1	1	2	2	2	1	1	3	1	1	2	3	3	1	2	2	3	3	2	2	2	1	1	3	1	2	1	2	3	1	1	2	1	2	2	3	2	3	1	3	2	1	3	3	2	2	1	1	2	2	1	2	3	1	2	3	2	2	3	2	1	3	2	3	2	3	3	3	1	1	1	3	3	1	1	1	3	2	1	2	1	3	2	3	3	3	1	1	3	1	1	1	2	3	3	3	1	1	1	1	3	3	3	3	3	3	3	2	2	3	3	2	2	1	1	1	3	2	3	2	2	3	1	1	1	1	2	2	2	1	3	2	3	2	2	1	2	2	2	1	3	3	2	1	2	3	3	2	1	3	2	3	2	1	1	3	1	2	3	3	2	1	3	2	3	2	1	1	3	1	2	3	2	1	3	2	3	2	1	1	3	1	3	1
32	1	3	2	1	2	2	1	1	1	2	1	1	1	1	2	1	2	1	3	2	3	3	2	3	2	1	1	1	1	3	2	1	3	3	3	2	1	1	2	2	2	3	3	3	1	2	3	2	2	2	1	2	2	3	1	1	3	1	2	1	3	2	2	2	3	2	3	1	3	1	2	1	1	2	2	3	3	1	3	2	2	3	1	1	1	3	1	1	1	3	1	2	3	3	3	3	2	2	2	2	2	3	3	1	1	3	1	2	2	1	2	2	3	1	1	3	1	1	3	3	1	1	2	2	3	3	3	1	3	1	1	2	1	1	3	1	2	1	2	2	3	1	2	3	1	2	1	1	2	1	2	2	3	2	1	2	2	2	2	2	1	3	1	3	2	1	1	3	1	1	3	2	2	1	3	1	3	2	1	1	3	1	1	3	2	1	3	1	3	2	1	1	3	1	1	1	1
51	2	3	1	1	1	2	2	2	2	1	3	1	3	1	3	1	3	1	2	1	1	2	1	1	2	2	3	3	2	2	2	2	3	2	1	3	2	3	2	1	1	1	2	2	2	3	3	1	1	2	2	1	3	3	1	1	3	3	2	1	1	1	2	3	1	3	1	2	1	3	3	2	1	2	2	2	3	1	3	1	3	2	1	3	2	1	3	3	3	3	2	2	1	2	1	3	1	3	2	2	2	3	2	1	1	2	1	2	3	3	3	3	3	1	3	3	3	3	1	2	1	1	2	3	3	2	1	2	3	2	3	1	1	2	1	1	2	3	1	2	1	3	2	2	2	3	3	3	2	2	3	1	1	2	1	1	1	1	2	3	3	3	3	3	1	1	3	3	1	2	2	3	3	3	3	3	3	1	1	3	3	1	2	2	3	3	3	3	3	1	1	3	3	1	2	1	2
31	3	2	2	1	2	3	2	1	1	3	3	3	3	1	1	1	2	1	3	2	1	2	1	1	3	3	1	2	1	2	1	2	1	3	2	1	1	1	2	2	3	1	2	2	2	2	3	2	2	3	1	1	2	1	3	2	2	2	3	1	3	1	1	2	2	1	1	2	3	1	1	1	1	3	3	2	3	1	2	2	3	3	1	2	1	3	3	3	3	1	3	1	3	1	1	1	1	3	2	3	1	1	2	3	3	3	1	3	1	3	3	1	3	2	3	2	2	1	1	2	2	1	3	1	2	2	1	3	1	2	2	3	3	2	3	1	2	2	1	1	3	3	2	1	1	2	2	2	1	1	1	2	1	3	3	1	1	2	3	3	3	2	1	3	3	1	3	2	2	3	3	2	3	3	2	1	3	3	1	3	2	2	3	3	3	3	2	1	3	3	1	3	2	2	3	2	3
231	3	3	3	1	2	1	3	2	1	2	3	1	2	2	3	2	1	3	3	1	3	2	3	2	2	3	1	2	1	3	1	3	1	3	1	1	3	1	3	1	1	1	2	1	1	3	3	2	2	2	3	2	1	2	2	3	3	2	1	1	3	2	2	3	3	2	1	1	3	1	1	3	3	3	2	2	3	3	1	3	3	1	1	1	2	3	2	3	2	1	1	2	3	1	2	1	2	3	3	3	1	2	3	1	1	3	2	3	2	1	2	3	3	3	3	3	1	2	1	1	2	1	2	1	3	3	3	2	3	3	2	2	1	1	2	1	3	1	3	3	1	3	3	2	1	2	3	3	3	2	3	2	3	3	1	3	2	2	2	2	2	2	1	1	2	3	3	1	1	3	2	3	2	2	2	1	1	2	3	3	1	1	3	2	2	2	2	1	1	2	3	3	1	1	3	1	3
36	2	2	2	3	3	1	3	3	3	3	2	1	3	1	3	3	2	1	1	2	1	2	3	2	1	1	2	3	1	2	1	2	3	3	2	2	1	2	1	1	3	3	1	3	3	1	1	2	2	3	2	1	2	3	3	1	1	3	2	2	3	1	1	3	1	1	1	3	2	1	1	2	2	1	1	1	2	2	3	3	2	1	2	2	3	1	3	2	3	1	3	1	1	3	3	1	2	2	2	1	2	3	2	2	1	3	2	1	2	2	3	1	2	2	2	1	2	3	2	2	1	3	2	1	2	1	2	2	3	2	2	1	3	3	1	3	2	2	1	1	2	1	3	2	2	3	2	3	1	2	2	1	1	3	2	1	2	2	3	3	3	1	3	1	3	3	1	3	3	3	3	3	3	3	1	3	1	3	3	1	3	3	3	3	3	3	1	3	1	3	3	1	3	3	3	3	3
44	1	1	3	1	2	1	1	3	2	2	1	1	3	3	2	3	3	3	3	2	2	1	1	2	3	2	1	3	3	3	2	2	2	2	1	2	2	2	1	1	2	1	2	1	1	2	3	1	3	2	1	3	2	2	1	2	1	2	1	3	2	2	3	1	2	3	1	3	3	1	1	2	2	1	2	3	1	3	2	3	2	3	2	2	1	2	3	3	2	2	1	1	3	3	3	1	2	1	2	2	3	1	3	3	1	3	1	3	2	3	2	2	1	3	2	1	2	1	2	1	3	2	1	2	2	2	1	2	3	1	2	1	3	3	1	1	3	1	2	1	3	1	2	3	1	1	1	2	1	3	2	2	3	2	2	3	2	3	3	2	1	3	3	1	1	1	1	2	3	2	1	3	2	1	3	3	1	1	1	1	2	3	2	1	2	1	3	3	1	1	1	1	2	3	2	3	2
48	3	1	2	1	2	3	1	3	3	2	2	1	1	1	1	1	1	2	1	1	3	3	2	1	1	1	3	2	2	2	3	2	1	3	3	3	3	2	1	3	3	1	3	1	2	2	2	1	3	3	3	2	3	3	3	3	3	3	1	2	2	2	3	2	2	2	3	2	3	3	2	3	1	3	2	1	1	3	2	1	3	1	2	1	3	1	2	2	1	2	3	2	1	1	3	1	2	2	3	3	1	2	2	1	2	2	1	2	2	3	2	3	2	1	3	3	3	2	3	1	2	2	3	3	3	3	2	1	1	1	3	3	1	1	3	3	2	2	1	2	2	1	1	3	2	2	2	2	2	3	1	2	3	3	1	2	2	3	2	2	1	1	1	1	1	1	1	3	3	3	1	3	2	1	1	1	1	1	1	1	3	3	3	1	2	1	1	1	1	1	1	1	3	3	3	3	3
50	1	3	3	2	3	2	2	3	1	2	2	1	1	2	1	2	1	2	1	1	3	1	2	3	1	2	3	2	1	2	3	2	3	1	3	1	1	2	3	3	2	2	1	2	3	1	2	2	3	3	3	3	2	1	1	1	2	1	2	1	3	1	1	2	3	2	1	3	1	1	3	1	3	3	3	1	2	2	1	2	3	3	1	2	3	3	1	2	3	3	3	2	2	2	2	2	3	2	2	2	3	2	3	1	2	1	1	3	2	2	2	1	1	2	2	1	1	1	3	2	1	1	1	2	1	2	1	1	1	2	1	1	3	3	1	3	1	1	1	3	1	2	3	2	1	3	2	2	3	3	1	2	1	3	1	2	3	3	3	3	1	1	2	1	2	3	3	1	1	3	2	3	3	1	1	2	1	2	3	3	1	1	3	2	3	1	1	2	1	2	3	3	1	1	3	1	3
52	2	1	1	2	1	3	2	3	2	3	3	1	2	2	1	3	2	2	3	2	2	2	3	1	2	2	1	3	2	3	1	1	3	2	3	1	3	2	2	1	2	3	2	2	2	2	2	2	1	2	1	3	3	2	2	3	2	1	2	2	3	2	3	1	2	1	3	1	2	1	1	2	3	3	1	1	2	2	3	1	3	2	2	2	1	1	3	3	2	3	1	3	1	3	3	1	3	1	1	3	3	1	1	1	1	1	1	1	1	3	1	1	3	3	2	3	1	2	1	3	2	1	3	1	2	2	3	2	2	2	1	3	1	2	3	2	2	1	1	2	1	1	3	3	1	1	3	1	2	3	3	2	3	1	3	1	1	1	3	2	1	2	2	2	2	1	3	2	1	1	2	2	2	1	2	2	2	2	1	3	2	1	1	2	2	1	2	2	2	2	1	3	2	1	1	1	1
56	3	1	2	3	3	1	2	1	3	3	1	2	3	1	2	3	3	1	3	2	1	3	3	3	3	1	2	1	2	1	1	2	3	3	3	2	2	2	1	2	3	2	2	2	2	1	3	2	1	3	3	1	2	3	3	2	3	1	1	1	2	2	1	2	3	1	2	3	1	2	3	2	1	1	2	3	3	1	2	1	1	3	3	2	2	2	3	2	3	3	1	3	2	2	3	1	1	2	1	3	1	1	2	1	1	2	1	3	3	1	2	1	1	3	2	1	1	1	3	1	3	1	2	3	3	3	1	1	3	3	1	1	1	1	3	2	2	1	1	2	1	2	2	1	2	2	2	2	1	2	1	2	1	2	2	3	2	3	3	3	1	1	2	1	1	2	1	3	3	2	1	3	3	1	1	2	1	1	2	1	3	3	2	1	3	1	1	2	1	1	2	1	3	3	2	3	2
84	3	3	1	2	2	3	2	1	1	2	3	3	3	3	1	3	1	1	3	1	1	1	1	3	3	3	1	3	3	2	3	3	2	3	1	3	3	2	3	2	3	2	2	2	3	3	2	2	2	1	2	1	2	1	2	2	2	3	2	2	1	1	3	3	3	2	1	3	3	2	1	3	1	2	2	1	3	3	2	1	3	3	1	2	3	3	3	2	1	3	1	1	1	1	1	3	1	2	3	3	3	3	2	2	2	3	3	1	1	1	1	3	3	1	3	2	2	1	1	1	3	1	2	2	3	3	2	1	1	2	3	3	1	1	1	3	1	2	3	1	2	1	2	1	2	1	1	2	1	1	2	2	3	2	2	2	3	1	3	3	3	2	1	2	2	3	3	1	2	1	3	3	3	3	2	1	2	2	3	3	1	2	1	3	3	3	2	1	2	2	3	3	1	2	1	2	1
204	1	2	3	3	3	1	1	2	1	1	3	2	3	3	3	2	2	2	1	1	2	1	3	3	2	3	1	3	1	3	3	1	3	3	2	2	3	2	1	1	3	2	1	1	2	2	2	3	1	2	1	3	3	2	2	1	3	2	1	3	2	2	2	1	1	2	3	3	2	1	3	2	2	1	2	1	1	3	2	1	3	3	2	3	2	2	3	3	3	2	2	2	3	1	1	2	1	1	2	3	1	3	3	2	1	3	2	1	1	1	3	1	1	1	2	3	1	2	2	1	3	1	3	1	2	2	1	1	2	3	2	1	3	1	1	1	2	2	2	1	2	1	1	2	2	2	2	3	1	2	1	1	2	1	2	2	1	1	3	2	3	3	3	1	2	3	2	3	2	1	2	3	2	3	3	3	1	2	3	2	3	2	1	2	2	3	3	3	1	2	3	2	3	2	1	2	1
64	3	1	1	3	1	2	1	2	1	1	1	3	2	2	3	3	2	2	3	1	3	2	1	3	2	2	2	1	1	1	2	3	3	3	1	2	1	2	2	2	3	1	2	1	2	2	1	1	2	1	1	3	3	3	1	1	3	2	3	3	3	3	1	3	1	3	2	3	1	2	1	1	3	1	3	1	1	3	1	2	2	1	1	1	1	1	3	3	3	1	1	1	2	1	3	3	2	2	3	3	1	2	2	2	3	2	2	1	3	1	2	3	1	2	1	3	3	3	2	2	3	2	3	3	2	3	2	3	3	2	2	2	3	3	3	1	2	1	2	2	3	3	2	1	1	2	3	2	2	2	1	1	2	1	3	3	3	3	1	1	3	3	1	1	1	1	1	2	1	2	1	3	1	3	3	1	1	1	1	1	2	1	2	1	1	3	3	1	1	1	1	1	2	1	2	1	2
68	1	1	3	3	1	1	3	1	2	1	1	2	2	1	1	1	2	3	3	1	3	3	3	1	2	1	1	3	2	2	1	2	2	2	1	2	3	3	3	3	3	3	3	2	3	3	3	2	1	2	3	3	2	2	2	3	2	3	2	3	3	1	3	2	1	2	3	2	3	2	2	2	2	2	2	1	3	1	2	2	2	2	1	3	3	1	3	2	3	3	1	3	1	1	1	2	1	2	2	3	1	2	2	1	3	2	1	3	3	3	3	2	3	1	1	3	3	2	3	3	2	3	2	1	2	1	1	2	2	3	3	1	3	1	1	3	2	3	1	2	1	2	1	1	3	2	1	3	2	1	1	1	2	2	3	3	3	1	3	1	1	2	1	1	1	3	3	3	2	2	1	1	1	1	2	1	1	1	3	3	3	2	2	1	1	1	2	1	1	1	3	3	3	2	2	2	2
70	1	2	3	3	1	2	2	2	2	1	3	3	2	2	2	1	3	2	1	3	3	2	3	2	2	1	2	2	1	3	2	3	3	3	3	1	1	2	1	2	1	3	3	1	2	1	1	2	1	3	2	3	2	1	1	1	3	3	3	2	3	2	3	3	2	2	1	3	1	3	1	1	2	3	3	1	3	1	1	3	2	2	1	3	3	2	3	1	2	1	3	1	3	2	1	1	1	1	3	1	3	2	3	2	2	1	1	2	2	1	2	3	1	1	3	3	2	1	2	1	3	1	3	2	3	2	2	1	3	3	2	3	3	1	2	2	1	2	1	1	3	2	1	2	3	2	2	3	3	1	1	3	1	3	2	1	1	1	2	2	1	2	2	3	1	3	3	3	1	3	3	1	2	1	2	2	3	1	3	3	3	1	3	3	2	1	2	2	3	1	3	3	3	1	3	1	3
72	3	2	3	3	1	1	1	1	3	3	2	1	1	2	1	3	2	3	3	2	1	2	2	1	3	3	2	3	1	1	1	2	2	3	3	2	2	3	3	1	1	3	2	2	1	3	1	1	1	3	3	2	3	2	3	1	2	3	1	3	3	2	3	3	2	1	2	2	1	1	1	2	3	3	3	3	2	1	2	1	2	1	1	1	3	3	2	3	3	2	3	1	3	1	2	3	1	2	3	1	3	2	1	3	1	1	2	2	1	3	3	3	1	3	3	1	1	2	1	3	1	1	1	2	3	3	1	3	1	2	1	1	1	1	3	2	1	2	3	3	2	3	3	1	3	3	2	1	3	3	3	3	3	1	3	2	3	3	2	1	3	1	1	2	3	2	2	2	1	3	2	2	1	3	1	1	2	3	2	2	2	1	3	2	1	3	1	1	2	3	2	2	2	1	3	1	3
76	1	3	1	3	2	3	1	2	3	3	3	2	2	3	1	3	2	1	1	3	1	2	1	2	1	2	3	1	2	1	3	1	2	2	3	2	2	3	2	1	1	1	2	1	1	3	2	1	1	2	3	3	3	3	3	1	2	3	3	3	2	1	3	2	1	3	3	1	2	3	1	2	2	3	1	2	2	3	3	3	3	2	2	2	3	2	1	3	3	1	1	3	1	3	1	3	2	2	3	3	1	3	1	2	2	2	1	1	1	3	1	1	3	2	2	3	2	3	3	3	1	3	1	3	3	1	3	1	2	3	3	3	3	2	2	3	2	3	1	2	3	3	2	3	2	3	1	3	2	3	3	3	2	3	2	1	1	2	3	3	3	1	2	3	2	1	2	3	2	2	3	1	3	3	1	2	3	2	1	2	3	2	2	3	3	3	1	2	3	2	1	2	3	2	2	2	2
96	3	1	1	2	1	1	3	1	2	3	1	1	3	2	1	3	3	3	2	3	2	3	2	3	3	1	1	1	1	1	1	3	1	3	3	3	2	3	1	1	3	2	1	1	3	1	1	2	3	2	3	2	3	2	2	2	3	1	1	3	2	1	2	1	1	3	3	1	3	1	3	1	2	1	3	2	2	1	3	3	2	2	1	3	3	1	1	3	1	3	3	2	1	1	3	1	2	2	1	1	1	2	3	2	2	2	3	1	2	2	2	1	2	2	1	3	1	2	3	1	3	3	2	3	1	3	3	3	3	3	2	3	2	1	1	3	1	3	1	2	2	3	1	1	2	3	3	3	2	3	1	1	2	3	3	3	2	2	2	3	2	3	1	1	2	2	1	3	3	2	3	3	3	2	3	1	1	2	2	1	3	3	2	3	3	2	3	1	1	2	2	1	3	3	2	3	2
100	3	2	2	2	2	1	2	2	1	3	2	3	1	2	1	2	3	1	3	2	1	1	3	3	1	2	2	1	1	3	2	1	2	2	3	1	3	1	2	1	1	1	1	1	2	1	2	2	3	1	2	1	1	1	3	2	3	1	1	1	2	1	3	2	3	1	1	2	1	2	2	3	1	2	1	2	3	3	2	2	3	3	2	2	1	1	2	1	2	2	3	3	3	1	3	3	3	3	3	1	1	3	3	1	2	1	2	3	2	1	2	2	2	2	1	1	1	2	3	3	1	3	2	1	1	3	2	2	1	1	3	2	2	2	1	1	3	2	2	3	3	2	1	2	3	1	2	2	2	3	3	3	3	1	3	1	3	3	3	1	2	2	2	3	1	2	3	1	1	1	3	1	1	2	2	2	3	1	2	3	1	1	1	3	1	2	2	2	3	1	2	3	1	1	1	1	1
854	1	3	1	3	2	3	1	1	2	1	2	2	3	3	2	2	2	3	3	2	1	2	1	2	2	1	2	2	1	1	2	2	1	3	1	1	1	1	1	2	3	3	2	1	3	3	1	3	3	2	2	1	3	1	3	1	1	1	3	3	1	3	1	1	3	3	1	3	3	2	1	1	2	2	3	2	3	1	2	2	1	1	1	2	3	2	1	2	3	3	3	3	3	2	2	3	2	3	3	3	3	1	2	2	1	3	3	2	1	1	1	2	1	2	3	3	2	3	2	1	1	1	2	3	3	3	2	3	1	3	3	1	2	2	2	3	2	2	2	3	2	1	1	1	1	1	1	3	3	2	2	2	2	2	1	3	2	3	1	2	2	2	1	2	3	2	3	2	3	1	3	2	2	2	2	1	2	3	2	3	2	3	1	3	2	2	2	1	2	3	2	3	2	3	1	3	1
108	1	2	2	3	3	1	3	1	3	1	3	2	3	2	2	2	1	2	2	3	3	3	1	3	1	3	3	3	2	2	2	3	2	3	1	2	2	1	2	3	3	3	2	3	1	2	3	3	2	1	2	3	2	2	3	2	3	1	3	2	1	3	2	1	3	1	3	2	1	3	1	1	3	2	3	3	3	3	3	1	1	1	3	1	3	1	3	2	1	3	1	1	3	1	3	2	3	1	3	1	2	3	1	3	2	3	1	2	3	3	2	3	3	2	2	2	3	2	1	3	3	3	1	3	2	3	2	2	3	3	1	1	3	2	1	3	3	3	2	2	3	3	3	1	3	1	2	1	2	2	1	1	3	1	3	3	3	2	1	3	3	3	2	1	3	2	3	1	2	1	1	3	3	3	3	2	1	3	2	3	1	2	1	1	3	3	3	2	1	3	2	3	1	2	1	2	1
152	1	2	2	2	3	3	1	2	3	1	1	2	2	2	2	1	3	1	2	2	2	2	1	2	1	2	2	1	2	3	2	3	2	2	3	1	2	2	3	1	3	2	1	2	1	3	1	1	3	1	3	2	3	3	2	1	1	3	1	3	2	3	2	2	3	2	1	3	2	1	3	3	3	1	1	3	3	2	2	3	1	2	2	2	2	3	1	3	1	3	3	1	2	1	2	1	3	3	3	3	2	2	3	2	3	2	3	3	3	3	1	1	1	2	3	3	3	3	3	3	3	3	2	2	3	1	3	1	2	3	2	3	3	1	3	2	1	1	3	3	2	3	3	3	1	3	3	1	2	1	3	2	2	1	3	1	1	1	3	2	3	3	2	2	1	2	1	2	3	2	1	2	2	3	3	2	2	1	2	1	2	3	2	1	2	3	3	2	2	1	2	1	2	3	2	3	2
156	1	3	2	3	1	2	3	2	2	1	2	3	1	3	2	2	3	3	3	3	1	1	3	1	3	1	3	3	2	1	1	1	2	1	2	3	1	1	3	3	3	3	2	2	3	3	2	1	3	2	3	1	3	2	3	3	1	1	1	2	2	2	2	1	1	3	3	1	2	3	3	1	1	3	1	2	1	3	2	3	3	2	3	1	1	2	2	2	2	1	3	3	1	1	2	3	3	3	2	2	3	3	3	2	3	3	3	2	2	2	2	2	3	1	3	1	3	3	1	2	3	3	2	1	2	2	2	1	2	1	2	2	2	1	1	1	3	3	1	3	3	2	2	3	1	3	1	1	2	2	3	1	3	1	2	2	1	2	2	1	2	1	1	1	3	2	2	2	2	2	2	1	1	2	1	1	1	3	2	2	2	2	2	2	1	2	1	1	1	3	2	2	2	2	2	2	2
188	2	3	3	2	1	2	2	2	3	1	2	1	3	1	2	1	2	3	1	1	1	1	1	1	3	3	2	2	2	2	3	3	1	3	3	2	1	2	1	3	3	3	1	1	2	3	1	3	2	2	2	3	2	3	1	1	2	1	1	2	3	2	1	2	2	2	2	3	2	1	2	2	1	2	1	1	2	3	2	3	1	1	2	1	1	3	2	2	2	3	1	2	3	2	2	1	1	3	3	2	3	3	3	3	2	2	2	2	1	2	3	3	3	3	3	2	3	2	1	3	2	3	2	3	2	2	1	3	1	1	1	3	3	3	3	2	2	2	1	3	2	3	2	1	2	3	3	3	1	1	2	3	3	2	1	3	2	3	2	3	2	3	3	1	3	1	2	1	2	3	1	1	3	2	3	3	1	3	1	2	1	2	3	1	3	2	3	3	1	3	1	2	1	2	3	2	3
208	2	2	1	3	1	1	2	2	3	1	1	3	1	2	3	1	1	2	2	3	2	3	1	2	3	1	1	3	2	1	1	3	1	2	3	3	2	2	3	3	2	1	2	1	1	1	2	2	3	1	1	3	1	1	2	2	3	3	2	1	3	2	3	2	2	1	2	3	2	2	3	1	1	2	2	1	2	2	3	2	1	2	1	2	3	3	2	2	3	1	1	1	2	1	3	3	2	1	3	3	1	2	2	3	2	1	2	3	2	2	2	1	1	3	2	1	1	2	2	2	3	3	3	1	1	2	2	2	2	1	3	2	3	3	3	2	1	3	2	3	2	1	3	3	2	2	2	1	1	2	3	1	2	3	1	1	2	2	2	3	1	1	3	1	2	2	1	1	2	3	1	1	3	1	1	3	1	2	2	1	1	2	3	1	3	1	1	3	1	2	2	1	1	2	3	2	3
276	1	3	3	3	2	1	2	2	2	1	2	1	1	3	1	1	3	1	1	3	3	1	1	3	1	2	2	3	1	2	1	2	2	3	3	3	2	2	2	3	1	2	2	1	2	2	2	2	1	2	2	1	2	1	1	2	2	3	1	2	2	3	1	3	2	1	1	2	2	2	1	3	1	3	2	2	2	2	3	2	1	2	3	3	3	2	3	3	1	1	2	3	3	3	3	1	2	1	3	3	1	3	1	2	3	2	2	3	3	2	3	3	3	3	3	1	1	2	2	1	3	1	3	2	3	2	1	1	2	2	1	3	2	1	2	3	3	1	1	2	3	3	3	2	1	2	3	3	2	1	2	1	2	3	2	3	1	1	1	1	1	1	3	1	2	1	2	3	1	3	2	3	1	1	1	3	1	2	1	2	3	1	3	2	1	1	1	3	1	2	1	2	3	1	3	1	3
212	2	3	1	3	2	1	2	3	3	3	3	2	3	2	3	2	3	3	2	2	3	2	2	3	2	1	2	3	3	2	2	1	1	2	1	2	2	3	1	1	1	3	3	1	3	3	3	3	1	2	2	2	3	2	2	1	1	3	2	1	3	3	3	2	2	2	1	3	3	3	1	2	3	1	3	2	2	1	3	2	2	1	3	1	3	2	2	2	1	2	3	3	3	3	2	1	2	3	1	1	2	1	2	3	3	3	3	3	3	2	3	1	2	1	3	1	2	3	1	2	1	3	2	3	2	3	3	1	2	2	3	3	1	3	3	2	2	2	3	2	2	3	1	3	2	1	1	3	2	3	2	2	3	2	2	2	1	2	3	2	1	3	2	2	1	2	2	2	3	1	3	3	2	1	3	2	2	1	2	2	2	3	1	3	2	1	3	2	2	1	2	2	2	3	1	3	1
214	3	1	3	2	2	1	2	3	3	3	3	2	1	1	2	3	1	1	1	2	2	1	2	2	1	1	3	2	3	2	3	2	2	3	1	3	1	2	2	3	3	3	1	3	2	2	3	2	3	1	1	3	2	2	1	2	2	2	2	1	3	3	1	3	2	3	2	1	3	1	3	1	2	2	3	3	1	2	2	3	1	3	3	3	2	2	1	2	3	2	3	3	2	1	1	1	1	3	3	2	3	3	3	3	1	1	3	3	1	2	1	1	1	3	3	1	3	1	1	1	3	3	1	3	1	1	2	1	1	2	3	1	3	2	1	3	2	2	3	1	1	1	1	3	3	1	2	1	1	3	2	1	3	2	3	3	3	3	2	1	3	3	3	1	3	3	1	1	1	1	2	1	1	3	3	3	1	3	3	1	1	1	1	2	1	3	3	3	1	3	3	1	1	1	1	1	1
262	3	3	3	1	1	2	3	1	3	3	3	1	2	2	3	3	2	2	3	1	3	1	2	2	2	2	1	1	2	1	1	1	2	2	2	2	2	1	3	1	3	2	1	2	2	3	3	2	2	3	2	3	2	3	3	1	2	3	1	1	2	3	2	2	2	2	3	2	1	1	3	3	2	3	1	1	1	2	1	1	2	2	1	1	1	3	1	2	1	2	3	2	2	3	3	2	1	2	1	1	2	2	1	3	2	2	1	2	2	2	1	2	2	3	1	1	1	3	1	1	3	1	2	3	1	1	2	1	3	3	3	2	1	2	2	1	1	1	2	2	2	1	2	2	2	1	3	1	3	3	2	3	2	1	2	2	2	3	3	2	3	3	1	3	1	2	1	3	1	2	2	1	2	3	3	1	3	1	2	1	3	1	2	2	2	3	3	1	3	1	2	1	3	1	2	1	2
218	1	2	3	3	3	3	1	3	3	3	2	1	1	2	3	2	3	2	2	1	1	2	3	1	2	3	1	3	2	3	1	3	3	2	1	3	3	1	1	2	2	2	3	2	1	2	3	2	1	3	3	3	2	3	1	3	1	1	3	2	2	3	2	3	2	1	3	3	3	3	2	1	1	1	2	2	3	2	2	1	1	3	1	3	2	1	2	2	1	2	1	1	3	1	3	3	2	2	3	1	2	1	3	3	1	1	3	3	3	3	3	1	1	3	2	3	2	1	1	2	1	1	1	3	3	2	2	1	1	2	1	2	2	3	1	3	2	1	1	1	1	1	1	3	1	3	2	3	3	3	1	2	2	2	2	3	2	3	1	3	1	1	3	3	1	1	3	1	2	1	1	3	3	1	1	3	3	1	1	3	1	2	1	1	3	1	1	3	3	1	1	3	1	2	1	2	1
222	1	3	2	2	2	2	2	1	1	3	2	3	3	1	2	1	3	2	3	1	2	1	2	3	2	1	1	1	2	3	3	1	2	3	2	1	1	1	1	3	1	1	1	3	1	3	3	3	3	2	1	1	2	3	2	3	2	2	1	2	2	2	3	2	1	3	2	1	2	3	3	2	2	3	1	2	3	3	3	2	1	1	3	1	2	3	2	1	2	2	3	2	3	1	2	2	3	1	1	2	1	2	3	2	3	2	1	1	1	1	3	2	1	1	1	2	2	2	1	3	1	2	2	2	2	2	3	2	3	3	1	2	3	2	3	2	2	2	3	3	2	3	3	1	2	3	2	3	1	3	3	1	3	1	3	2	1	2	2	1	3	1	2	3	2	2	1	3	2	1	1	3	1	3	1	2	3	2	2	1	3	2	1	1	1	3	1	2	3	2	2	1	3	2	1	2	1
384	2	3	1	3	3	2	3	2	3	1	3	3	1	2	2	2	3	1	3	2	2	3	3	1	1	1	2	2	1	2	3	3	3	3	3	2	1	2	3	1	1	3	2	2	2	2	1	3	3	2	1	2	1	2	2	2	1	2	1	3	1	1	2	3	3	3	3	2	2	2	1	1	2	1	1	3	2	2	3	3	3	1	1	1	2	3	1	3	2	2	3	2	1	3	3	2	2	3	2	2	1	1	1	2	2	2	3	1	3	2	3	2	2	3	2	2	3	1	1	3	1	1	3	1	2	1	1	3	1	3	1	2	1	1	3	2	2	2	3	2	1	1	2	1	2	3	3	2	1	3	3	1	1	2	1	3	3	1	3	3	1	1	2	1	1	2	3	1	2	2	3	3	3	1	1	2	1	1	2	3	1	2	2	3	3	1	1	2	1	1	2	3	1	2	2	2	2
232	3	1	2	2	2	2	3	2	3	3	1	1	3	2	1	3	3	1	2	2	2	1	1	2	1	2	1	3	3	3	3	2	3	2	3	2	1	2	2	2	3	1	1	3	3	1	2	2	1	1	2	3	3	1	3	1	1	2	2	3	2	1	2	1	1	3	3	2	2	3	3	3	2	3	2	2	1	2	2	3	3	1	2	1	3	3	1	3	3	2	2	2	3	1	3	1	2	2	1	3	3	3	2	1	3	1	1	1	2	2	1	2	3	1	1	2	3	3	2	3	3	1	3	3	3	1	3	1	2	3	1	1	1	2	3	1	1	3	1	2	1	2	3	2	2	2	1	3	3	1	3	1	2	2	1	3	3	1	3	1	3	1	1	3	1	3	3	2	2	2	2	1	1	3	1	1	3	1	3	3	2	2	2	2	1	3	1	1	3	1	3	3	2	2	2	2	2
233	2	1	3	1	1	2	1	3	1	1	3	2	2	2	3	1	2	2	3	2	2	3	2	3	2	1	2	3	1	1	1	1	1	2	2	3	2	1	1	2	3	1	2	1	2	3	2	3	3	1	3	2	2	3	2	3	3	3	3	1	2	1	1	2	3	3	3	2	2	2	3	3	3	2	3	3	2	3	2	3	2	1	1	3	1	2	3	3	2	2	2	3	2	1	1	2	3	3	1	2	1	2	2	2	1	3	1	2	2	3	3	1	3	2	2	1	2	1	2	3	1	3	3	3	2	3	1	1	2	2	2	3	2	2	2	3	3	3	1	1	2	2	1	3	3	3	3	2	1	2	2	2	1	3	1	3	2	2	2	1	2	3	1	2	1	1	2	1	2	3	3	2	1	2	3	1	2	1	1	2	1	2	3	3	1	2	3	1	2	1	1	2	1	2	3	2	3
242	2	3	1	1	1	3	2	1	3	1	3	2	2	2	1	2	2	3	3	2	2	1	3	3	3	3	3	3	1	3	1	3	3	1	2	3	2	1	3	2	1	3	3	3	1	3	1	2	3	2	2	2	3	1	1	3	1	2	3	1	1	1	3	1	2	1	3	3	2	3	1	3	3	1	1	1	2	2	2	3	1	3	3	3	1	1	2	3	3	2	1	2	1	1	3	1	1	3	3	3	1	2	1	3	2	1	3	1	1	1	1	2	2	1	1	3	2	2	2	2	3	3	2	1	1	1	1	1	2	2	2	3	3	2	2	2	1	1	1	1	3	1	3	2	1	1	3	1	3	3	2	3	2	3	3	2	3	3	2	2	3	1	3	2	1	3	2	1	3	2	1	2	2	3	1	3	2	1	3	2	1	3	2	1	2	3	1	3	2	1	3	2	1	3	2	3	2
246	3	2	3	1	1	2	2	3	1	3	2	1	1	3	3	3	3	3	1	2	1	1	3	1	2	1	3	1	1	2	1	1	2	1	2	1	3	3	3	3	3	3	1	2	2	1	2	2	3	1	2	3	2	2	1	1	1	3	3	1	2	2	1	1	1	3	2	3	1	3	2	3	2	2	3	2	2	1	1	3	2	3	1	3	3	3	1	3	1	3	3	2	3	2	3	2	3	2	1	1	2	3	2	2	2	3	2	3	1	1	3	2	2	1	2	1	1	1	3	3	1	1	1	2	3	3	3	1	3	2	1	3	2	3	3	1	1	2	3	3	2	1	3	2	3	1	2	3	3	2	3	1	1	1	1	3	2	1	1	2	1	3	3	3	3	1	1	2	3	3	2	3	2	1	3	3	3	3	1	1	2	3	3	2	2	1	3	3	3	3	1	1	2	3	3	3	3
250	3	3	3	3	3	1	1	2	1	3	1	1	2	3	3	2	2	3	1	2	1	3	3	1	2	3	2	3	1	2	3	3	2	1	3	1	1	3	1	3	3	3	3	1	2	2	1	3	1	1	2	1	1	3	2	1	3	3	3	3	2	2	1	2	3	3	2	2	1	3	2	1	3	3	3	2	3	3	1	1	3	3	1	2	3	3	1	2	1	2	2	3	1	1	3	2	2	1	3	3	1	1	2	1	2	2	1	1	3	3	1	3	2	1	2	3	2	3	1	1	3	3	1	2	3	3	3	1	3	1	1	1	1	3	2	1	1	1	3	2	1	1	3	3	3	1	3	1	1	3	1	1	1	3	1	2	1	2	1	2	1	1	1	1	1	1	1	3	1	3	1	2	2	1	1	1	1	1	1	1	3	1	3	1	2	1	1	1	1	1	1	1	3	1	3	1	3
266	3	3	3	3	3	3	1	2	3	2	2	3	2	2	2	2	3	2	1	1	3	2	3	2	3	2	2	3	3	2	3	2	3	1	3	2	1	3	1	3	3	1	2	2	2	1	2	2	1	1	1	2	1	1	1	1	1	2	1	1	3	1	2	2	1	2	1	3	1	2	1	2	3	1	2	3	1	2	1	1	3	1	1	2	3	3	2	2	1	2	3	2	1	3	1	2	3	1	1	2	3	2	2	1	1	3	2	3	2	3	1	2	3	1	1	2	3	3	2	2	3	2	1	1	1	1	1	1	1	3	1	2	2	3	2	2	1	1	2	1	2	1	2	1	1	2	2	1	2	2	3	3	1	2	1	1	1	1	1	1	1	3	2	2	1	3	1	1	3	3	2	3	1	1	3	2	2	1	3	1	1	3	3	2	1	1	3	2	2	1	3	1	1	3	3	3	3
270	2	1	2	1	2	1	3	1	1	1	3	3	2	1	3	2	2	2	1	2	2	3	1	2	2	1	2	2	1	2	3	2	2	1	1	2	3	2	3	3	1	2	1	3	1	1	1	1	2	3	3	1	3	3	2	2	1	2	3	1	2	1	3	1	2	2	2	3	2	1	2	1	2	2	3	1	1	2	1	1	2	1	3	2	2	1	2	3	2	1	1	3	2	2	3	1	3	3	3	3	2	1	2	1	2	3	3	3	3	1	3	3	1	3	2	3	1	2	2	1	3	1	1	2	2	2	3	2	1	1	1	2	2	1	1	3	3	1	2	2	2	3	1	3	1	2	3	2	3	1	1	3	1	2	2	1	1	3	2	1	1	3	3	3	1	1	2	1	3	2	1	2	1	1	3	3	3	1	1	2	1	3	2	1	1	1	3	3	3	1	1	2	1	3	2	3	2
268	2	3	1	1	1	3	2	3	1	3	3	3	3	1	3	1	1	3	1	2	3	2	3	1	3	3	1	2	2	2	1	1	3	3	3	2	3	3	2	3	2	1	1	3	2	1	3	3	1	3	2	3	1	2	1	1	3	3	1	1	2	3	3	3	2	1	3	3	1	2	1	1	3	3	2	3	3	1	2	2	1	3	2	3	3	3	3	1	3	2	1	2	3	2	2	1	1	1	1	3	2	2	2	2	2	2	1	3	3	1	2	3	3	3	2	2	1	2	3	3	2	3	3	3	3	1	2	3	3	2	1	3	2	3	3	1	2	3	3	2	3	1	2	1	3	1	1	1	3	1	1	2	1	3	3	3	1	3	1	1	3	2	1	2	1	2	1	1	3	1	2	1	1	3	2	1	2	1	2	1	1	3	1	2	1	3	2	1	2	1	2	1	1	3	1	3	1
288	1	1	1	1	2	2	1	3	1	1	3	3	1	3	3	3	2	1	2	3	1	3	1	3	3	1	2	1	2	3	1	3	1	2	3	2	3	1	3	2	2	1	3	1	2	1	2	2	3	2	2	1	3	3	2	3	3	1	2	1	1	2	3	1	3	1	2	1	2	1	3	2	2	1	1	1	3	2	1	3	2	3	1	3	1	2	2	2	3	3	1	1	1	1	1	1	3	3	3	3	1	1	1	1	1	2	2	2	3	2	2	1	1	3	1	2	3	1	1	3	1	3	3	2	1	1	3	3	1	2	2	1	2	3	2	3	1	3	3	3	2	3	2	2	2	1	3	2	2	1	1	2	1	1	3	2	2	3	2	2	2	1	2	3	2	3	1	2	2	1	2	1	2	2	1	2	3	2	3	1	2	2	1	2	2	2	1	2	3	2	3	1	2	2	1	2	1
308	3	3	1	3	3	2	1	2	3	2	2	1	1	1	1	1	2	1	2	2	2	1	2	3	1	1	3	2	3	3	1	3	1	3	2	2	1	3	3	2	2	3	3	2	3	2	2	1	1	2	3	3	2	1	3	2	3	3	2	3	1	2	3	2	3	3	1	2	1	2	2	1	3	2	2	3	3	2	1	1	3	2	2	1	3	1	1	1	2	1	3	1	1	3	3	1	3	3	3	3	2	3	2	1	2	2	3	1	2	1	3	3	2	1	3	3	2	2	1	1	1	2	2	2	1	3	2	3	3	2	3	1	3	3	1	1	2	2	3	1	1	1	3	2	2	3	1	3	1	2	3	2	3	1	1	1	3	1	3	1	2	3	2	2	3	3	2	1	3	1	1	2	1	2	3	2	2	3	3	2	1	3	1	1	1	2	3	2	2	3	3	2	1	3	1	3	1
300	2	1	3	3	2	1	3	1	1	3	1	2	3	2	2	2	1	2	2	3	3	2	3	3	2	3	1	1	2	1	2	3	2	1	1	1	3	2	1	2	3	1	1	1	2	2	2	2	3	1	3	2	3	2	2	3	3	2	1	3	2	1	2	1	3	2	2	1	3	1	2	3	1	2	1	3	2	1	3	3	1	3	2	1	1	3	2	2	2	1	2	3	1	3	2	2	2	3	3	3	3	1	2	3	1	2	3	1	3	2	2	3	2	1	3	1	1	2	1	3	1	3	1	2	1	2	3	2	2	3	1	1	2	2	2	3	2	2	3	2	3	2	3	1	2	2	3	1	2	2	3	1	2	2	3	2	1	3	3	2	3	1	1	3	1	3	3	3	2	3	1	1	2	3	1	1	3	1	3	3	3	2	3	1	2	3	1	1	3	1	3	3	3	2	3	2	3
320	2	3	3	2	1	3	1	2	1	3	3	2	2	2	1	2	1	1	1	2	1	2	2	1	2	3	3	3	2	2	2	2	1	2	1	1	3	1	1	3	3	1	3	1	2	2	3	2	1	2	2	2	1	2	3	1	2	1	3	3	3	1	2	3	3	1	3	1	2	3	1	3	2	3	1	3	2	3	2	3	3	3	1	3	3	2	1	3	2	1	3	3	1	3	3	1	2	3	3	3	2	3	1	2	3	3	1	2	1	3	1	1	2	2	1	3	2	1	1	3	1	3	3	3	3	3	3	1	1	1	3	1	1	1	1	1	3	2	1	3	2	2	1	3	3	1	2	1	1	3	3	1	2	2	1	3	2	2	2	1	2	3	1	1	2	1	1	2	3	1	3	2	1	2	3	1	1	2	1	1	2	3	1	3	1	2	3	1	1	2	1	1	2	3	1	3	1
324	1	3	2	1	1	1	2	3	1	1	3	1	2	1	2	3	3	1	2	2	2	2	1	1	2	2	3	1	3	3	2	3	3	2	2	2	2	1	1	1	1	1	1	3	1	2	3	1	1	2	2	1	3	1	3	3	2	2	2	3	2	2	1	1	3	1	3	2	2	3	1	3	2	3	3	3	1	2	3	2	3	2	1	1	1	3	2	1	3	1	3	2	3	1	3	2	3	2	1	2	1	1	1	1	3	1	2	1	3	2	3	3	1	2	3	2	2	3	2	1	1	1	2	1	2	2	1	3	1	3	1	2	3	2	3	3	2	2	1	1	2	2	3	3	1	3	2	2	1	1	3	1	1	2	1	2	1	2	2	1	3	1	2	3	3	2	3	3	2	3	1	2	1	3	1	2	3	3	2	3	3	2	3	1	1	3	1	2	3	3	2	3	3	2	3	2	3
624	1	1	3	2	1	1	1	1	1	2	2	3	1	1	2	1	3	1	2	1	2	1	1	2	1	2	1	2	3	3	2	1	3	1	3	3	1	2	3	3	2	3	1	1	1	2	1	2	1	2	2	3	2	1	2	2	3	2	1	1	3	2	1	3	3	2	2	3	1	2	2	1	3	1	2	1	2	2	3	1	3	1	2	2	1	3	3	2	2	2	3	1	3	1	1	3	1	2	2	3	2	3	3	3	2	2	2	2	1	1	1	2	3	2	1	2	2	2	3	1	1	1	3	3	3	3	3	2	2	2	2	3	3	1	2	2	1	3	3	1	3	3	2	3	2	2	1	3	2	1	1	1	1	3	1	1	3	1	2	2	1	3	3	3	3	1	1	2	1	1	3	2	2	1	3	3	3	3	1	1	2	1	1	3	2	1	3	3	3	3	1	1	2	1	1	1	1
328	2	1	3	2	3	3	3	1	1	1	3	3	2	3	3	3	2	1	2	1	3	3	1	3	3	2	1	1	3	1	3	2	2	3	2	2	1	2	2	3	2	2	3	3	3	2	3	2	2	2	2	1	2	1	3	2	2	2	3	2	1	3	3	2	3	1	1	2	3	1	2	3	2	2	2	1	1	3	1	1	3	2	2	2	1	3	3	3	2	1	2	3	3	1	3	2	1	2	3	2	3	2	1	3	1	3	2	3	3	1	1	3	1	3	3	2	3	1	2	3	3	3	3	2	2	1	3	2	1	1	2	1	1	3	2	1	1	3	3	2	2	1	2	1	2	3	2	3	1	2	2	1	3	1	3	3	2	2	2	1	1	2	1	1	2	2	2	3	3	2	2	1	1	1	2	1	1	2	2	2	3	3	2	2	1	1	2	1	1	2	2	2	3	3	2	3	2
332	3	2	2	1	3	2	2	1	2	1	1	1	3	1	1	2	3	2	1	3	2	1	2	1	3	1	2	3	2	1	1	1	1	1	2	2	3	2	2	2	2	2	2	1	3	2	1	3	2	1	2	2	2	2	3	2	1	1	1	3	3	1	1	2	2	2	3	3	1	2	2	3	1	1	1	2	2	3	3	1	2	1	2	2	1	3	1	2	3	3	3	1	1	2	1	3	3	1	3	2	2	1	1	1	2	1	1	2	1	1	2	1	1	2	3	1	1	3	3	3	1	3	3	2	3	1	2	3	3	2	2	3	1	3	1	1	1	2	3	1	1	1	2	3	3	3	3	1	2	2	2	1	2	2	1	3	2	1	1	2	1	3	1	3	3	2	3	1	2	1	3	1	2	1	3	1	3	3	2	3	1	2	1	3	2	1	3	1	3	3	2	3	1	2	1	2	1
340	1	2	3	2	3	3	1	2	2	3	2	2	2	2	2	3	2	2	1	1	1	3	2	3	2	3	1	2	1	3	1	2	1	1	2	2	3	2	2	3	1	2	2	1	2	1	2	1	1	1	3	3	2	1	3	3	1	3	1	3	2	2	1	2	3	3	2	3	1	3	1	1	3	2	1	1	2	2	3	1	3	2	2	2	1	2	2	3	1	1	3	2	1	3	1	3	3	1	1	3	3	3	3	3	3	1	2	3	3	2	1	1	1	3	2	1	2	1	2	3	2	3	2	2	2	3	1	3	2	3	2	2	3	2	3	2	1	1	2	2	2	1	2	1	2	1	2	3	1	3	2	2	1	2	2	3	3	2	1	2	2	2	2	3	1	2	3	1	1	3	3	2	2	2	2	2	3	1	2	3	1	1	3	3	2	2	2	2	3	1	2	3	1	1	3	1	3
356	2	2	1	2	1	1	3	2	3	1	3	3	3	3	2	1	2	1	1	2	2	3	3	2	2	3	3	1	1	1	3	3	3	2	2	2	2	1	1	3	1	3	3	1	1	2	3	2	2	2	2	3	3	3	2	2	3	2	2	2	1	1	2	1	3	3	1	3	2	2	3	1	1	1	1	2	3	2	2	2	2	2	2	1	3	3	1	3	2	2	2	2	3	1	1	1	1	3	3	2	3	3	2	2	2	2	1	1	1	1	3	3	2	2	1	3	1	3	1	2	2	1	1	2	2	2	2	1	1	1	1	1	2	3	3	1	1	1	3	1	1	2	3	2	1	2	1	3	2	2	2	3	3	3	3	1	1	3	2	3	2	2	3	1	1	2	2	1	1	1	1	3	3	2	2	3	1	1	2	2	1	1	1	1	3	2	2	3	1	1	2	2	1	1	1	1	1
360	3	2	3	2	1	3	1	1	1	1	1	1	1	3	2	3	1	3	3	1	3	3	1	3	1	1	1	1	1	3	2	3	1	2	1	3	1	2	2	3	3	3	3	1	1	3	1	2	3	1	3	3	3	2	1	2	2	2	1	2	2	3	3	2	3	3	3	2	2	2	1	2	1	3	1	3	3	3	3	2	2	3	3	3	3	3	3	2	2	1	2	3	1	3	3	1	1	1	3	2	3	2	3	1	2	2	2	3	3	3	2	1	1	2	3	3	2	1	2	2	1	1	2	3	3	2	2	2	1	1	3	1	2	3	3	2	1	2	2	2	3	3	1	3	3	1	3	1	2	3	2	1	3	1	2	2	3	3	1	2	1	2	2	1	1	2	3	1	3	2	3	1	2	1	2	2	1	1	2	3	1	3	2	3	2	1	2	2	1	1	2	3	1	3	2	3	2
368	2	3	3	1	2	3	2	3	2	3	3	1	3	3	2	3	3	3	1	3	2	3	3	3	3	2	2	3	1	2	3	1	3	1	3	3	1	2	3	2	1	2	1	2	3	3	3	2	2	1	3	3	2	1	3	3	2	3	1	3	3	1	3	2	1	3	3	1	3	2	2	1	3	1	1	3	1	1	3	2	2	3	3	2	2	3	3	1	1	2	3	1	3	1	2	2	3	1	1	2	2	3	1	3	1	1	3	3	2	1	1	1	2	1	2	2	2	2	2	3	2	2	1	3	1	2	1	2	2	1	1	3	3	1	3	3	1	2	1	2	1	3	1	2	2	2	2	2	2	2	2	3	1	1	2	2	3	2	3	3	1	2	3	2	1	1	3	1	3	1	1	3	3	1	2	3	2	1	1	3	1	3	1	1	3	1	2	3	2	1	1	3	1	3	1	3	1
364	2	3	2	3	2	3	1	1	1	2	2	2	1	1	1	3	3	3	3	2	3	3	3	2	3	1	1	1	3	1	3	2	1	3	2	2	3	1	2	1	1	2	1	2	3	2	3	2	3	3	1	2	2	1	1	3	1	1	1	2	2	3	1	1	2	3	1	1	3	3	1	1	2	1	2	1	3	3	2	3	2	3	3	1	1	2	2	3	3	1	1	2	2	1	2	3	1	1	3	2	3	1	2	1	3	3	2	3	3	2	3	3	2	2	2	2	2	1	2	1	2	2	3	3	1	2	3	3	3	2	2	1	2	2	1	1	2	2	1	1	3	3	3	2	1	1	1	1	3	3	2	3	3	1	2	2	3	3	1	2	2	1	1	3	3	1	1	2	1	1	3	2	2	2	1	1	3	3	1	1	2	1	1	3	2	2	1	1	3	3	1	1	2	1	1	1	1
372	1	1	2	3	1	1	1	3	2	1	1	1	2	2	3	2	1	2	3	2	2	1	1	3	2	3	1	3	3	3	1	3	3	1	2	1	1	2	2	2	2	1	1	2	3	1	1	2	1	1	1	1	3	3	2	2	3	1	3	1	3	1	3	1	2	3	1	2	1	1	2	1	3	3	2	1	3	3	2	1	3	2	1	2	3	2	1	2	2	1	3	1	3	1	1	1	1	1	2	3	3	2	3	3	1	2	3	3	2	1	3	1	1	1	1	2	3	1	3	1	3	3	1	2	1	2	3	3	2	2	3	2	1	1	1	3	2	1	1	3	1	1	2	3	3	1	1	3	3	2	1	3	2	1	3	1	1	1	2	1	1	3	1	2	3	3	2	3	2	1	3	2	1	1	3	1	2	3	3	2	3	2	1	3	1	1	3	1	2	3	3	2	3	2	1	2	1
352	3	2	2	1	2	1	1	2	1	2	2	3	2	1	2	2	3	3	1	1	3	3	3	1	1	3	1	1	3	1	3	1	3	2	2	2	1	1	2	2	3	3	3	2	3	3	1	1	3	1	1	1	1	2	3	3	1	1	1	3	3	1	2	1	1	2	2	1	1	3	1	1	1	2	1	2	3	1	1	3	2	1	1	1	1	3	3	3	3	1	1	2	2	1	3	2	1	1	2	3	1	1	2	3	2	1	2	1	1	1	3	1	1	2	1	3	1	1	3	2	1	1	2	2	1	2	2	3	3	3	3	3	3	3	2	1	1	3	1	1	2	3	2	2	1	1	2	3	3	1	2	3	2	1	3	1	2	1	2	2	3	3	2	3	3	3	2	1	1	1	2	1	2	3	3	2	3	3	3	2	1	1	1	2	2	3	3	2	3	3	3	2	1	1	1	1	1
376	3	3	3	1	2	1	1	1	1	3	3	2	3	1	3	1	2	1	2	1	1	3	2	3	3	2	3	2	2	3	2	3	2	3	3	2	1	2	2	1	2	3	1	2	1	1	2	1	1	1	3	3	1	3	1	1	1	3	1	2	1	2	3	1	2	3	3	3	2	2	3	1	3	3	1	1	2	2	3	1	1	2	3	3	3	2	2	3	1	2	2	1	2	3	3	1	1	3	3	3	1	1	3	2	1	2	3	2	1	2	1	3	3	2	3	1	3	1	1	1	3	1	1	1	2	2	1	1	3	2	2	3	3	2	3	2	2	3	1	3	3	3	1	1	2	1	2	1	3	1	1	1	2	2	3	1	1	3	2	3	2	3	1	2	3	1	3	3	1	3	2	2	3	2	3	1	2	3	1	3	3	1	3	2	3	2	3	1	2	3	1	3	3	1	3	1	3
380	1	1	3	2	2	2	3	2	3	1	1	1	1	1	3	3	3	1	3	1	3	1	2	3	1	1	1	1	3	3	3	3	1	3	3	3	1	2	2	1	2	3	3	1	1	1	3	3	1	3	1	1	2	3	1	1	2	3	1	2	1	2	1	2	2	2	3	2	2	1	1	2	2	1	2	2	2	2	1	1	3	3	2	3	2	2	3	3	2	3	2	3	2	3	1	2	1	2	3	2	2	1	3	2	3	1	3	3	3	2	1	2	3	2	1	3	1	2	1	1	3	2	1	2	2	3	1	3	1	1	1	3	3	3	1	1	2	3	2	1	3	3	1	2	2	2	1	2	2	1	3	2	2	3	2	1	3	3	2	2	3	1	3	3	2	2	3	1	1	1	1	1	2	3	1	3	3	2	2	3	1	1	1	1	2	3	1	3	3	2	2	3	1	1	1	1	1
388	1	1	1	3	2	3	1	2	2	2	2	2	1	3	1	3	3	3	1	3	2	1	1	2	2	3	2	2	3	1	1	3	1	3	3	2	1	2	1	3	1	1	3	3	3	1	2	3	1	1	3	1	1	3	2	3	1	2	3	3	1	3	3	1	1	1	2	1	1	2	2	1	2	3	3	3	2	3	1	2	3	3	3	1	1	1	2	1	3	3	1	1	3	1	2	3	1	3	2	2	2	3	1	3	2	1	1	2	1	3	2	2	1	1	2	1	2	3	3	1	1	3	1	2	1	2	1	3	3	2	2	2	1	1	1	1	3	3	2	3	3	3	1	1	1	3	3	2	1	2	3	2	1	1	2	3	3	2	3	3	1	3	3	2	2	1	2	2	1	1	1	2	3	1	3	3	2	2	1	2	2	1	1	1	3	1	3	3	2	2	1	2	2	1	1	1	1
392	2	3	3	1	1	2	2	3	2	2	2	1	2	3	1	3	1	1	2	1	2	1	2	1	3	3	1	2	1	1	1	1	2	3	3	3	3	3	1	2	2	3	2	1	2	1	2	1	1	1	1	1	2	3	3	1	2	2	3	3	1	2	1	2	2	2	1	2	3	3	1	2	1	3	2	1	3	3	3	2	2	3	1	3	3	1	1	2	3	3	1	2	2	1	2	3	1	3	2	1	1	3	1	1	3	1	2	1	2	3	1	1	2	1	3	3	3	1	2	3	2	2	1	3	1	2	1	1	3	3	2	1	2	1	3	2	1	1	2	3	1	3	3	1	3	2	3	2	2	1	1	2	1	3	3	1	1	1	3	1	1	3	3	3	3	1	1	2	1	3	1	3	1	1	3	3	3	3	1	1	2	1	3	1	1	1	3	3	3	3	1	1	2	1	3	1	3
887	1	3	1	3	3	3	3	1	3	2	3	3	1	2	1	1	3	1	2	3	3	2	3	3	3	1	2	3	1	2	2	3	3	3	1	3	1	2	2	3	2	1	1	1	1	1	2	3	3	3	3	1	3	1	2	3	1	3	1	1	3	3	3	1	3	1	2	3	1	1	2	2	2	1	1	2	1	2	1	2	3	1	2	1	1	3	3	3	3	2	2	3	1	1	2	1	1	1	1	3	1	2	3	3	1	1	2	3	3	1	3	3	1	3	1	2	3	2	3	1	2	2	2	1	3	3	3	3	2	2	1	2	3	3	2	3	2	1	1	2	3	3	1	3	2	2	3	2	3	3	1	2	3	1	2	2	3	3	3	3	3	1	3	3	3	2	2	1	1	2	1	3	3	3	1	3	3	3	2	2	1	1	2	1	3	3	1	3	3	3	2	2	1	1	2	1	2
400	1	1	3	1	1	2	1	2	1	2	1	2	2	1	2	2	1	2	3	1	3	2	1	1	2	3	2	2	2	2	1	3	1	3	2	2	2	3	2	3	3	2	1	3	1	2	1	1	1	3	1	2	1	2	1	3	2	1	1	2	1	3	1	3	1	2	3	3	2	1	3	1	3	2	2	1	1	2	3	3	3	1	2	3	1	1	2	2	1	1	3	3	3	2	2	3	1	3	2	2	3	1	3	1	3	1	3	3	1	3	2	1	1	1	2	1	3	3	2	1	3	1	2	1	1	3	2	2	2	1	3	2	1	2	3	1	1	2	2	2	1	2	1	1	2	1	2	1	3	2	3	2	2	1	1	1	1	3	1	2	3	1	3	2	1	3	2	3	2	1	3	1	2	3	1	3	2	1	3	2	3	2	1	3	2	3	1	3	2	1	3	2	3	2	1	2	1
116	3	3	1	1	3	1	1	3	1	1	3	1	1	1	1	1	3	3	1	3	1	2	3	2	3	1	1	1	3	1	1	2	1	2	3	1	3	1	2	3	2	3	3	2	3	3	2	2	1	3	2	3	2	3	2	1	2	3	2	3	3	1	2	1	3	3	3	2	2	2	2	1	2	2	1	3	1	3	2	3	1	3	2	2	3	2	2	2	3	1	1	3	2	1	3	1	1	3	1	1	2	1	2	1	2	1	1	3	3	3	2	1	3	3	1	3	1	2	2	3	2	3	1	3	1	1	1	1	1	3	1	1	3	2	3	2	2	2	2	3	2	1	2	2	3	2	3	1	3	1	1	2	1	1	3	3	3	1	3	2	2	3	3	3	2	2	2	3	1	2	1	3	2	2	3	3	3	2	2	2	3	1	2	1	2	2	3	3	3	2	2	2	3	1	2	1	2
120	1	3	2	1	2	3	3	2	2	2	3	1	2	3	3	3	3	3	3	1	3	1	3	2	2	1	1	2	3	2	2	1	3	2	2	1	3	2	3	2	1	3	3	2	1	3	3	2	2	2	1	2	2	3	1	3	3	2	3	2	3	2	2	2	2	2	3	1	2	3	1	3	1	1	2	2	1	3	2	3	3	3	2	2	2	1	3	3	3	1	1	3	3	3	3	3	1	1	2	1	2	3	1	3	1	3	1	2	3	3	3	1	1	3	1	3	1	2	3	1	2	3	1	3	2	2	3	3	2	2	2	3	2	2	2	3	3	3	3	1	3	1	2	2	3	3	1	2	3	1	2	1	2	1	3	3	1	2	2	1	1	2	3	3	3	2	3	3	1	1	2	1	1	1	2	3	3	3	2	3	3	1	1	2	1	1	2	3	3	3	2	3	3	1	1	1	1
124	2	3	2	1	3	3	1	2	2	2	1	2	1	3	2	3	2	3	3	2	1	2	1	2	1	1	2	2	2	2	3	3	3	3	1	3	3	1	2	3	3	2	2	3	1	3	3	1	1	1	3	1	2	2	3	3	1	3	1	1	3	1	2	1	1	1	3	1	3	3	1	1	2	2	2	1	2	3	1	1	1	1	3	2	1	1	1	2	1	1	1	1	1	1	1	1	2	3	2	1	3	2	1	1	3	1	3	1	2	2	1	3	3	2	2	3	2	2	1	2	3	2	1	3	2	1	3	1	1	1	3	3	3	2	3	2	3	3	2	3	1	3	1	2	3	1	3	3	1	3	2	3	1	1	3	2	3	1	1	1	3	1	3	3	2	3	1	2	3	1	2	2	1	3	1	3	3	2	3	1	2	3	1	2	1	3	1	3	3	2	3	1	2	3	1	3	1
132	2	3	3	3	2	2	2	3	2	2	2	2	3	1	1	3	3	3	1	2	3	3	1	2	3	2	3	1	1	2	2	3	3	2	2	1	1	2	2	2	1	3	1	2	1	1	2	1	3	3	2	2	3	1	2	2	3	3	1	1	1	2	1	3	3	1	2	1	2	2	2	2	1	1	2	3	1	2	2	1	2	1	3	3	3	3	3	1	1	1	1	2	1	1	3	1	2	3	1	1	1	1	2	3	2	2	1	2	1	2	3	2	1	3	2	2	1	1	1	2	2	1	2	1	1	3	3	1	2	1	3	3	1	1	2	3	1	3	3	1	1	3	2	3	2	2	2	1	2	1	1	1	2	3	1	3	1	1	1	1	1	3	2	3	1	1	3	2	1	2	1	1	1	1	3	2	3	1	1	3	2	1	2	1	1	1	3	2	3	1	1	3	2	1	2	1	2
398	2	2	3	3	2	2	1	1	2	1	3	2	3	3	1	3	3	2	3	1	1	2	3	2	3	1	2	3	3	3	1	1	3	2	3	2	2	1	2	2	3	2	2	3	1	2	1	3	3	3	1	2	3	1	2	2	1	1	1	2	3	2	3	2	1	1	1	1	2	3	3	2	2	3	1	1	1	3	2	3	2	3	2	1	3	2	2	2	2	2	3	2	3	2	3	2	3	1	2	2	3	2	2	3	1	1	2	3	2	1	2	3	2	2	2	1	3	3	1	2	2	3	1	3	1	3	1	1	1	1	1	1	1	2	3	1	3	2	1	2	2	3	1	1	2	1	1	1	2	1	2	3	3	2	2	3	3	3	1	3	2	3	2	1	2	1	1	1	1	2	3	3	3	2	3	2	1	2	1	1	1	1	2	3	3	2	3	2	1	2	1	1	1	1	2	1	2
634	3	1	2	1	3	2	1	2	2	2	2	2	2	1	1	1	3	1	2	3	1	3	1	3	2	2	3	2	2	2	2	2	1	3	2	1	3	3	2	2	3	1	1	3	1	3	2	1	1	3	1	1	2	1	1	1	3	3	3	1	3	3	2	1	1	1	1	3	2	2	1	3	1	3	2	2	1	3	2	2	1	3	2	1	2	1	1	3	3	2	1	1	1	2	1	2	3	2	2	2	2	2	1	2	1	1	1	1	2	2	3	2	2	2	2	3	3	1	3	1	2	1	2	2	3	2	3	1	2	1	1	1	2	1	1	1	3	3	3	2	2	3	3	2	3	2	2	2	1	2	1	1	1	3	3	3	2	1	2	3	2	2	2	2	2	1	3	2	1	3	2	1	3	2	2	2	2	2	1	3	2	1	3	2	3	2	2	2	2	2	1	3	2	1	3	1	3
404	3	3	1	1	3	3	3	2	3	2	1	3	2	2	3	1	1	2	1	2	1	3	1	2	3	3	2	1	2	2	2	3	3	1	3	3	2	2	2	1	1	3	2	2	2	2	1	2	3	3	3	3	3	2	1	3	1	2	3	2	1	3	1	3	2	1	2	2	2	2	2	3	2	1	1	1	1	1	2	3	1	3	2	3	3	3	1	1	1	1	1	2	2	3	3	2	2	2	2	3	1	3	3	3	2	2	2	3	2	2	1	3	2	1	2	1	3	1	1	2	3	1	2	1	3	1	3	1	2	1	3	3	3	2	2	1	1	2	1	3	3	3	1	3	3	1	2	2	3	3	3	2	1	3	2	1	3	2	3	1	1	3	3	1	1	3	3	2	1	1	3	3	1	1	3	3	1	1	3	3	2	1	1	3	1	1	3	3	1	1	3	3	2	1	1	1	1
417	1	1	3	1	2	2	1	2	1	2	2	2	1	1	3	1	1	2	2	2	3	2	1	3	2	2	1	1	3	1	3	1	3	2	1	2	2	2	2	1	1	3	1	2	2	2	1	3	2	3	3	3	1	2	3	2	1	1	1	3	1	2	1	2	3	1	1	3	2	1	3	2	1	1	3	1	2	1	2	3	1	2	1	3	2	2	1	2	2	2	2	3	3	3	2	2	2	2	1	1	3	3	2	3	2	3	1	1	3	1	3	1	2	2	1	3	1	1	2	3	3	2	2	1	3	3	2	3	1	1	3	1	1	2	1	3	1	1	2	2	1	1	2	2	1	1	1	2	2	2	3	2	2	2	1	1	3	2	3	2	1	1	1	1	2	3	1	2	1	2	3	2	2	1	1	1	1	2	3	1	2	1	2	3	2	1	1	1	1	2	3	1	2	1	2	1	2
296	3	1	3	3	1	2	2	2	1	1	2	3	2	1	1	3	1	1	2	3	3	3	2	1	1	1	3	1	1	2	1	1	2	1	3	3	1	1	1	3	3	2	3	2	2	3	2	1	1	2	3	2	3	1	2	3	2	2	1	2	3	3	1	1	1	1	2	2	1	2	3	2	2	1	2	1	1	3	1	1	2	3	1	1	2	3	2	1	3	1	2	2	3	2	2	3	1	1	1	1	3	3	2	2	2	1	1	1	2	3	1	1	1	2	1	3	3	1	2	2	3	2	2	1	3	3	3	1	3	3	1	1	3	2	1	1	2	2	1	3	3	3	3	2	2	3	1	1	2	3	2	3	2	3	2	2	1	3	2	2	2	2	1	3	3	1	3	2	1	2	2	1	2	2	2	1	3	3	1	3	2	1	2	2	2	2	2	1	3	3	1	3	2	1	2	1	2
170	2	1	1	3	3	1	1	2	1	2	1	1	1	3	3	1	1	2	1	1	2	3	3	1	1	1	3	1	1	2	2	1	3	2	1	3	1	2	1	1	3	1	1	2	2	3	1	3	3	2	3	3	2	2	3	3	1	2	1	3	2	2	1	2	1	3	3	2	3	1	3	3	2	3	2	3	2	3	2	3	2	3	3	3	1	1	1	2	3	3	3	1	2	3	3	1	2	1	1	1	2	1	3	3	1	2	1	1	1	3	1	3	1	3	3	3	1	1	3	3	3	3	1	3	1	2	3	1	1	3	2	1	3	1	3	1	3	3	2	1	3	2	2	1	1	2	3	1	3	2	2	1	1	1	1	3	1	2	3	2	1	3	1	2	3	3	3	3	3	1	1	3	2	1	3	1	2	3	3	3	3	3	1	1	2	1	3	1	2	3	3	3	3	3	1	3	1
174	2	3	1	2	3	3	3	3	2	2	2	3	2	1	1	3	2	3	2	1	2	1	2	1	2	3	3	3	2	3	2	2	1	3	2	3	1	3	1	1	1	3	1	3	3	2	3	1	3	3	3	2	1	2	3	3	2	3	3	2	1	3	1	1	2	2	3	2	3	1	2	1	3	2	1	2	2	2	1	1	3	1	3	1	2	3	3	1	1	2	1	3	3	3	2	3	3	2	1	1	2	1	3	1	1	1	1	2	3	2	3	1	2	1	2	1	1	3	1	1	1	2	3	3	1	2	2	2	3	1	1	1	1	3	2	1	3	3	2	1	3	3	2	3	1	1	1	3	3	1	3	1	2	2	2	1	3	1	1	1	3	1	1	1	3	3	1	1	2	1	2	3	1	3	1	1	1	3	3	1	1	2	1	2	1	3	1	1	1	3	3	1	1	2	1	2	1
178	1	1	2	1	1	3	3	2	1	2	1	2	1	2	2	3	3	3	1	3	2	3	3	1	1	2	3	3	1	1	2	1	1	2	3	3	1	3	3	3	1	2	1	1	1	3	2	3	2	3	3	2	1	3	1	2	2	2	3	3	1	2	2	1	1	2	1	3	3	2	2	2	2	2	2	2	2	2	2	3	3	3	3	2	1	1	2	3	1	3	1	3	2	3	1	1	1	1	3	2	2	1	2	2	2	2	1	3	2	2	1	1	1	2	2	3	3	2	3	3	2	1	3	1	2	3	3	1	2	1	1	1	3	2	1	2	1	3	1	1	3	2	1	1	3	3	2	1	1	2	2	1	1	2	3	2	1	1	1	3	3	3	2	1	2	1	2	1	2	1	2	1	3	3	3	2	1	2	1	2	1	2	1	2	3	3	3	2	1	2	1	2	1	2	1	2	1
180	1	1	3	3	2	3	1	2	2	3	2	1	2	3	1	3	2	1	3	3	2	1	3	2	1	3	1	2	2	3	2	2	3	1	1	2	1	2	1	3	3	3	1	1	3	2	1	3	1	2	2	1	2	3	2	1	1	1	2	3	1	2	1	1	1	3	3	2	3	3	2	3	1	2	1	2	3	3	2	3	2	2	1	1	1	1	1	2	3	1	2	1	2	2	2	3	2	2	3	3	1	1	2	1	3	2	2	2	2	2	3	2	2	3	1	3	1	3	3	3	2	3	3	2	1	2	1	2	3	3	1	3	3	2	3	1	1	2	1	1	3	3	2	2	2	3	1	1	1	1	1	1	3	2	2	3	2	3	1	3	2	2	1	2	1	3	3	1	2	1	3	1	3	2	2	1	2	1	3	3	1	2	1	3	3	2	2	1	2	1	3	3	1	2	1	2	1
408	3	3	2	1	2	3	3	3	1	2	2	2	2	1	3	1	1	3	2	2	2	3	2	2	1	3	1	2	3	2	2	1	1	1	1	2	1	1	3	3	1	2	2	3	2	1	3	1	2	1	3	2	2	2	3	3	1	1	3	2	3	3	2	3	1	2	3	3	1	2	1	3	2	2	1	1	2	2	3	3	1	3	2	1	3	1	2	3	3	3	3	2	3	1	1	3	2	3	1	2	2	2	1	2	1	1	2	3	3	1	1	1	1	3	2	3	2	2	1	1	1	3	1	3	1	3	1	3	3	3	1	2	2	3	2	3	1	1	3	2	3	2	1	1	1	1	3	1	3	3	2	2	1	3	2	2	1	3	1	2	2	2	3	1	2	1	1	3	2	3	1	3	2	2	2	3	1	2	1	1	3	2	3	1	2	2	2	3	1	2	1	1	3	2	3	2	3
410	2	2	3	2	3	3	1	1	2	1	1	3	1	1	3	2	3	2	1	2	2	2	3	3	1	2	2	2	2	3	2	2	3	2	3	2	2	3	2	2	3	2	3	3	2	2	2	3	2	1	1	3	2	3	1	3	2	2	3	1	2	1	3	2	2	2	1	2	1	2	2	2	1	3	1	1	1	3	1	2	2	3	2	3	3	3	2	2	3	1	2	2	1	2	3	2	2	3	3	2	3	1	2	3	2	3	1	1	3	2	2	1	3	3	1	2	2	2	2	1	3	1	1	1	2	2	1	2	3	2	2	1	2	1	1	1	1	1	3	1	2	2	2	1	1	2	3	2	2	2	3	2	2	3	3	2	3	2	1	2	3	3	1	1	1	1	3	2	3	1	1	1	2	3	3	1	1	1	1	3	2	3	1	1	2	3	3	1	1	1	1	3	2	3	1	3	1
927	2	3	3	2	1	1	2	1	1	3	1	1	1	1	2	2	3	2	1	1	2	1	3	2	2	1	1	1	1	2	3	3	3	1	3	2	1	2	2	1	2	2	1	3	3	3	3	2	3	1	2	3	3	2	3	1	2	3	3	3	2	2	1	3	1	2	3	2	1	3	2	2	3	2	1	2	1	1	1	3	2	1	3	1	1	2	3	2	3	1	3	2	2	2	3	3	3	1	3	2	3	3	3	2	1	1	1	1	2	3	1	3	1	2	1	2	2	1	3	3	2	2	3	1	2	2	1	3	3	1	1	2	3	1	1	2	3	1	3	2	2	1	3	1	2	2	1	1	2	1	3	3	3	1	2	3	2	3	1	3	2	1	3	1	3	2	2	3	2	3	2	2	3	2	1	3	1	3	2	2	3	2	3	2	3	2	1	3	1	3	2	2	3	2	3	2	3
191	3	1	1	3	1	1	1	2	2	2	1	1	2	1	2	2	1	3	2	3	1	1	2	3	1	1	3	1	3	1	3	2	3	1	3	3	1	1	1	3	1	2	3	1	2	1	3	2	1	2	1	3	1	2	2	1	1	1	2	2	2	1	3	3	2	3	3	1	3	2	1	1	2	1	1	3	1	3	3	3	3	3	1	3	2	3	1	3	2	1	2	3	2	2	2	2	2	2	3	1	3	3	3	2	3	1	3	3	2	2	3	1	2	2	2	1	2	2	1	2	2	3	2	2	2	1	3	3	3	3	1	3	3	2	3	3	1	3	1	3	3	3	2	3	1	3	1	3	1	3	2	1	1	2	3	2	2	1	1	3	2	1	1	2	1	1	3	2	3	2	3	3	3	2	1	1	2	1	1	3	2	3	2	3	3	2	1	1	2	1	1	3	2	3	2	3	2
192	1	1	3	3	1	3	3	2	3	2	1	1	1	2	1	2	3	2	2	2	2	1	2	2	1	3	2	1	1	2	2	2	2	1	3	2	1	1	3	2	3	2	3	3	2	3	3	2	1	1	2	1	3	3	3	2	2	1	1	1	1	2	2	1	1	3	2	2	2	3	2	3	3	2	2	2	2	2	2	3	1	3	1	1	3	3	1	3	3	1	2	2	1	1	3	2	2	1	3	3	3	3	1	1	3	1	3	1	3	3	1	2	2	1	1	1	3	3	3	1	2	1	3	3	1	2	1	3	2	3	2	2	2	1	1	1	2	2	3	3	2	2	1	2	1	2	2	3	2	1	2	3	3	2	3	3	3	3	1	3	1	1	1	3	3	3	2	3	2	2	2	2	3	1	1	1	3	3	3	2	3	2	2	2	3	1	1	1	3	3	3	2	3	2	2	2	2
414	3	2	3	1	2	1	3	1	2	3	2	1	1	2	1	2	2	2	1	3	1	1	3	2	1	3	3	3	2	2	1	1	3	3	2	3	3	2	1	2	2	3	3	1	1	1	1	2	1	3	2	2	3	2	1	1	2	2	3	2	2	3	1	3	2	2	3	1	3	3	2	1	3	2	1	3	1	2	2	3	3	3	2	2	3	2	3	2	2	2	3	3	1	3	1	3	3	1	2	1	2	3	3	3	2	2	1	1	1	3	2	2	2	1	3	2	1	3	1	2	2	2	2	3	1	2	2	1	3	1	3	1	1	1	2	2	1	1	2	3	2	1	2	3	3	2	2	1	1	2	3	2	1	3	3	2	2	1	3	2	1	1	2	3	1	3	2	3	3	2	3	3	2	1	1	2	3	1	3	2	3	3	2	3	2	1	1	2	3	1	3	2	3	3	2	3	2
418	3	2	2	2	1	2	3	1	3	2	3	3	2	1	1	2	3	3	3	3	2	2	2	3	3	2	2	2	2	1	3	1	3	1	3	3	1	3	2	1	2	3	3	3	2	3	3	3	3	1	3	3	1	1	3	1	3	1	1	1	3	3	1	2	2	3	1	1	3	2	3	3	2	1	2	3	1	1	1	3	3	2	2	2	3	3	1	1	3	3	2	3	1	1	2	3	3	2	3	2	1	3	1	3	2	2	2	1	1	1	2	1	1	1	2	3	3	2	1	3	1	3	3	3	3	3	2	2	2	3	1	2	2	1	2	1	3	2	2	1	2	3	2	1	3	1	1	3	2	1	2	1	1	3	1	1	3	2	2	3	2	2	2	1	1	2	3	2	2	3	1	1	3	2	2	2	1	1	2	3	2	2	3	1	3	2	2	2	1	1	2	3	2	2	3	2	3
426	1	3	2	2	1	3	1	2	3	1	1	1	2	2	2	1	2	3	3	1	1	1	3	1	1	2	3	1	3	3	3	2	3	1	3	2	1	2	3	2	2	2	1	1	2	2	1	2	3	1	3	1	1	2	3	2	3	2	3	3	3	3	3	2	1	3	2	2	2	1	2	2	3	2	2	3	3	1	3	3	1	2	1	3	3	1	1	3	2	3	2	1	1	3	2	3	3	1	1	3	1	3	2	3	2	2	3	1	3	1	3	1	1	2	3	3	3	2	3	2	1	3	1	2	1	1	2	2	3	3	3	2	2	1	1	1	3	3	3	2	3	2	1	1	2	1	2	3	3	3	1	3	1	2	3	3	3	1	3	1	3	3	3	3	1	2	1	2	1	1	1	3	1	3	3	3	3	1	2	1	2	1	1	1	1	3	3	3	3	1	2	1	2	1	1	1	1
428	2	2	3	2	2	3	1	1	1	2	3	1	2	1	2	3	1	3	3	3	3	1	2	2	3	1	3	3	2	1	2	2	1	1	3	1	1	2	1	1	3	2	3	1	1	3	2	3	2	1	1	2	1	3	2	3	2	3	3	2	1	3	3	3	2	1	1	1	2	2	1	1	2	3	2	2	1	3	1	2	2	1	3	3	1	3	2	3	2	2	3	2	3	2	2	3	1	1	3	3	3	1	1	1	1	3	3	3	3	2	2	1	2	1	1	2	2	2	3	3	1	2	3	2	1	3	2	2	1	3	1	3	2	3	1	1	3	1	2	1	2	3	3	3	2	2	1	2	2	2	3	1	1	3	3	1	2	2	2	3	2	2	1	2	2	2	1	3	1	3	1	2	3	2	2	1	2	2	2	1	3	1	3	1	3	2	2	1	2	2	2	1	3	1	3	1	3
422	1	3	1	1	3	3	1	2	2	2	3	1	1	1	1	1	3	3	2	3	2	2	3	2	2	1	2	1	2	1	2	3	3	2	1	3	3	2	3	3	1	3	3	2	3	1	3	3	3	1	2	1	3	2	2	2	3	3	2	3	1	2	3	3	3	1	2	3	2	3	3	1	1	1	3	3	3	1	3	3	3	1	2	3	3	2	1	1	1	1	2	2	2	2	1	1	3	1	2	2	1	1	2	1	2	3	2	1	1	3	2	1	1	3	3	3	3	1	2	3	1	3	2	3	2	1	1	1	2	1	3	1	3	1	2	2	1	3	3	2	2	2	1	3	3	3	1	2	1	3	2	3	3	2	3	2	3	2	3	1	2	1	2	2	1	2	1	2	1	2	3	1	1	2	1	2	2	1	2	1	2	1	2	3	1	2	1	2	2	1	2	1	2	1	2	1	2
430	2	3	3	1	2	1	3	2	2	1	2	2	2	3	1	3	2	2	1	1	3	1	3	3	2	2	2	3	3	1	3	3	2	1	2	2	3	3	3	3	2	2	3	1	1	1	1	3	2	3	1	3	1	2	2	1	1	3	1	3	2	3	3	1	1	1	3	1	1	1	3	2	2	3	3	1	2	2	2	2	1	3	1	3	1	2	1	1	2	3	1	2	1	1	1	2	1	1	2	3	2	3	3	2	2	1	2	2	1	1	2	2	2	3	3	3	3	3	3	2	2	2	3	3	2	3	2	3	2	1	3	2	2	2	3	1	2	2	3	1	3	3	3	3	2	2	2	3	3	1	2	1	2	3	3	1	3	1	3	1	3	2	2	3	2	3	2	1	2	3	2	1	1	3	2	2	3	2	3	2	1	2	3	2	1	3	2	2	3	2	3	2	1	2	3	2	3
434	3	1	2	1	1	2	3	3	3	3	1	2	2	2	1	1	3	2	3	2	3	2	2	3	3	3	1	3	3	2	1	2	3	3	1	3	3	3	3	3	2	1	1	2	3	3	1	2	3	3	3	2	3	2	3	2	2	2	1	2	3	3	2	2	3	1	3	3	1	1	2	1	2	2	1	1	3	3	1	3	2	2	2	2	2	2	3	2	2	3	2	2	2	1	1	2	3	1	3	1	2	1	1	2	1	1	1	1	1	1	1	3	2	2	1	3	2	1	3	1	3	3	3	3	1	3	1	2	3	1	1	2	3	1	3	1	1	1	3	1	1	3	3	2	2	3	2	2	1	2	2	1	3	3	3	3	2	1	2	3	3	2	3	2	3	3	1	3	1	2	2	2	3	3	2	3	2	3	3	1	3	1	2	2	3	3	2	3	2	3	3	1	3	1	2	1	2
438	2	2	1	2	3	1	3	1	3	2	1	2	3	3	3	2	3	1	3	2	1	2	3	3	3	3	3	2	3	3	3	1	2	3	3	3	2	1	1	3	1	3	3	1	3	2	2	1	1	3	2	1	3	1	2	2	1	1	3	2	2	1	3	1	3	1	2	2	2	2	2	2	2	1	3	1	3	1	3	2	1	2	3	1	1	3	2	3	2	1	1	1	1	3	2	2	2	2	1	2	1	1	3	2	3	3	1	2	2	2	2	1	1	3	1	2	1	1	2	1	2	3	3	1	2	2	3	1	2	2	3	1	1	3	1	1	2	2	1	3	3	1	1	1	2	3	1	3	3	3	1	2	2	2	1	2	3	3	2	2	2	3	2	1	2	3	2	1	2	2	3	3	2	2	3	2	1	2	3	2	1	2	2	3	2	2	3	2	1	2	3	2	1	2	2	2	2
440	1	1	1	1	2	3	2	2	3	1	3	3	3	2	1	1	2	2	2	2	1	1	1	3	1	2	2	3	1	1	1	1	2	1	3	1	2	2	1	2	3	3	1	3	2	1	2	1	3	1	1	1	1	3	2	1	2	2	3	2	2	1	1	3	2	1	3	2	1	2	2	1	2	1	1	3	1	3	2	1	1	1	1	1	3	3	1	3	3	3	1	1	2	2	3	1	3	2	2	2	2	2	2	3	1	3	3	3	2	2	1	1	2	2	3	2	2	3	1	2	3	2	3	3	1	1	3	3	2	2	2	2	1	2	1	2	2	1	2	1	1	2	3	2	1	2	1	2	2	2	3	1	1	2	3	2	3	3	2	2	3	3	3	3	1	3	3	1	1	1	1	2	2	3	3	3	3	1	3	3	1	1	1	1	2	3	3	3	3	1	3	3	1	1	1	1	1
442	2	3	2	3	1	3	3	2	3	1	2	2	2	3	1	2	3	1	2	3	2	1	2	1	2	3	2	2	1	2	2	1	2	2	1	3	2	1	3	1	3	1	3	2	2	2	1	2	3	1	1	3	3	3	3	1	2	2	3	3	3	3	1	3	3	1	3	2	2	3	2	2	3	3	2	3	1	3	2	3	2	2	3	3	2	1	2	3	2	2	2	1	3	2	3	1	2	1	3	1	1	2	1	2	1	1	2	3	1	3	1	2	1	3	3	2	1	1	2	2	2	2	2	3	3	1	1	2	3	3	3	3	3	1	3	2	1	2	3	3	3	3	1	1	2	2	1	1	2	2	1	2	2	3	1	1	1	1	3	2	3	3	1	2	2	1	3	1	2	1	1	2	2	3	3	1	2	2	1	3	1	2	1	1	2	3	3	1	2	2	1	3	1	2	1	2	1
450	1	1	1	2	1	1	1	3	1	1	3	3	1	1	2	1	1	1	2	1	3	1	3	3	1	2	3	1	3	1	1	1	1	3	3	3	3	2	2	3	3	3	2	1	3	2	3	1	1	3	3	1	3	2	1	3	2	1	2	1	3	2	3	3	2	2	2	1	3	3	3	1	1	2	3	1	1	1	1	1	3	1	2	3	2	1	1	2	3	3	1	3	1	1	3	1	3	1	1	2	3	1	2	1	3	1	3	3	1	2	2	3	3	1	2	3	2	3	2	1	2	1	2	3	3	1	3	2	3	1	2	3	1	1	2	2	3	1	1	1	2	1	3	3	3	2	2	3	1	3	2	2	2	3	1	1	1	3	2	2	3	3	1	3	1	3	1	1	3	3	2	2	2	3	3	1	3	1	3	1	1	3	3	2	2	3	3	1	3	1	3	1	1	3	3	3	3
454	2	1	3	2	2	1	2	2	1	2	3	2	2	3	2	1	3	2	3	1	1	2	2	1	2	3	2	1	3	3	2	3	1	3	3	1	2	2	3	2	3	2	1	3	3	1	1	1	3	3	3	1	3	3	1	1	2	2	2	3	1	3	2	1	1	1	3	3	3	3	2	2	3	2	2	2	3	1	1	3	2	1	1	3	1	3	2	3	2	2	1	3	3	2	1	2	3	1	2	2	1	2	3	3	3	3	2	2	2	1	1	1	1	1	3	1	3	1	2	3	2	3	2	1	3	1	1	1	1	3	1	3	3	2	1	2	1	1	2	3	1	3	3	2	1	1	1	2	1	1	2	2	1	2	1	3	3	3	2	1	2	1	2	2	2	3	3	1	3	2	3	3	1	2	1	2	2	2	3	3	1	3	2	3	1	2	1	2	2	2	3	3	1	3	2	3	2
458	1	2	1	1	2	3	1	2	2	2	2	2	1	1	2	3	2	1	1	3	1	2	1	3	2	1	2	2	2	2	2	2	2	3	2	2	3	1	1	3	3	3	1	2	1	1	2	1	2	2	1	2	1	3	2	1	2	2	3	2	2	1	2	2	3	1	2	3	2	1	3	3	2	1	3	1	3	1	1	1	3	3	1	3	1	3	3	2	3	1	3	1	3	3	1	2	3	2	3	3	2	2	1	1	1	1	1	3	3	1	3	2	1	2	2	1	2	2	1	3	3	3	3	3	3	2	3	3	3	2	1	2	2	2	1	3	2	1	1	3	3	3	3	3	3	2	3	1	1	2	2	2	3	3	3	3	3	1	1	1	2	3	2	1	2	2	3	1	3	2	2	1	1	2	3	2	1	2	2	3	1	3	2	2	1	2	3	2	1	2	2	3	1	3	2	3	2
462	1	3	1	3	3	2	3	2	3	1	3	3	2	1	3	1	3	2	2	2	1	2	3	2	2	2	3	1	3	2	1	3	1	2	1	1	2	2	1	2	1	3	3	1	3	1	1	3	3	1	3	2	1	2	2	1	3	2	3	3	3	3	3	1	3	2	1	2	2	1	3	1	2	3	3	1	2	2	3	3	2	1	2	3	3	1	3	1	2	2	2	1	2	3	1	1	2	3	2	3	3	2	2	3	2	3	3	1	1	2	1	3	3	3	1	2	2	1	3	1	2	2	1	1	2	3	3	3	1	2	3	1	1	3	3	1	2	2	1	3	2	3	3	3	3	2	3	3	1	1	3	1	1	1	2	1	1	3	3	2	3	2	2	3	1	2	3	3	1	1	1	1	2	3	2	2	3	1	2	3	3	1	1	1	2	3	2	2	3	1	2	3	3	1	1	1	1
466	2	2	2	2	3	1	1	2	1	3	1	3	2	2	1	1	2	3	1	2	1	3	1	1	3	1	1	1	1	2	3	1	1	2	1	3	1	3	3	1	3	3	1	3	3	3	3	1	2	1	2	2	1	2	2	3	3	2	1	3	2	1	1	1	2	3	2	1	1	2	1	2	3	2	2	2	1	1	1	3	1	2	2	1	3	2	1	3	3	1	2	3	1	3	2	2	2	3	3	3	3	2	1	3	2	3	3	3	3	1	2	2	2	2	3	2	2	2	2	3	2	2	2	2	1	2	2	2	3	3	1	2	1	3	1	1	1	2	2	1	2	1	1	3	2	3	1	1	2	2	1	2	1	1	3	2	3	1	1	1	3	2	1	3	3	1	3	1	1	3	1	2	1	3	2	1	3	3	1	3	1	1	3	1	1	3	2	1	3	3	1	3	1	1	3	1	3
470	3	2	1	3	1	2	2	1	1	2	1	1	2	2	1	3	2	3	2	3	1	3	3	2	2	2	1	3	2	2	2	1	2	3	1	2	2	1	2	3	2	2	3	1	3	3	2	1	1	3	1	3	1	1	2	1	2	3	3	2	2	2	1	3	2	2	3	1	3	3	3	1	3	3	2	3	1	2	3	1	1	2	1	3	1	1	2	3	1	3	2	3	2	2	2	3	2	3	3	2	2	2	3	2	1	2	1	2	3	2	3	1	3	1	1	2	2	2	1	3	1	3	2	2	2	3	3	2	2	2	1	1	3	1	3	2	3	2	2	1	2	3	2	3	2	2	3	1	3	3	2	3	3	2	2	3	2	2	1	1	2	2	1	1	1	1	3	3	2	1	1	3	1	2	2	1	1	1	1	3	3	2	1	1	1	2	2	1	1	1	1	3	3	2	1	2	1
504	1	1	3	2	2	2	3	1	1	3	3	3	3	3	1	3	3	2	3	3	2	3	2	2	1	3	2	3	3	1	2	2	2	1	1	2	1	1	3	1	1	3	2	3	1	2	1	2	2	3	2	3	2	3	2	3	2	1	1	1	3	2	1	3	3	1	2	3	2	3	2	1	1	1	3	1	1	1	3	3	2	3	1	3	3	1	2	2	1	3	3	3	1	2	2	2	3	1	3	2	1	1	2	2	2	3	2	3	3	3	1	2	3	3	3	3	1	2	3	2	2	2	1	3	2	1	3	2	1	1	2	3	2	1	3	3	3	2	3	2	1	2	3	2	3	1	3	1	2	1	2	1	3	1	3	1	3	3	3	2	3	1	2	1	2	2	2	1	2	3	2	3	2	3	1	2	1	2	2	2	1	2	3	2	2	3	1	2	1	2	2	2	1	2	3	2	3
584	3	1	1	2	2	2	3	3	3	1	3	1	1	3	1	1	3	3	3	3	1	3	3	3	1	1	3	2	1	3	3	3	1	2	1	1	3	2	3	1	2	2	3	3	1	3	1	3	3	2	2	2	1	1	1	3	1	1	2	2	3	3	3	1	2	2	3	1	3	1	2	2	2	2	3	3	1	1	2	2	2	3	2	3	1	2	3	3	2	2	1	1	2	1	1	3	3	2	2	3	2	1	1	1	2	3	2	2	1	2	3	3	2	2	2	2	3	2	2	1	3	1	1	1	3	2	3	3	2	1	1	3	2	2	3	2	3	2	1	3	2	2	2	2	2	3	3	3	2	3	1	2	3	3	1	3	1	2	2	1	1	3	3	3	2	3	2	3	3	2	3	1	1	1	3	3	3	2	3	2	3	3	2	3	1	1	3	3	3	2	3	2	3	3	2	3	2
478	2	3	3	1	2	1	2	1	2	2	3	2	3	3	2	3	1	3	3	3	2	3	2	1	1	3	3	2	1	2	2	3	3	1	2	3	2	2	2	2	2	1	2	2	3	3	1	2	2	1	3	2	3	2	1	3	3	1	1	3	3	1	3	1	2	3	2	3	3	2	1	1	2	3	2	3	3	2	3	2	3	2	3	3	3	3	2	2	1	3	1	3	3	3	2	1	3	2	3	3	3	1	3	1	1	3	2	2	3	3	3	1	3	1	3	3	2	2	2	2	2	3	1	1	2	1	3	1	3	1	1	1	3	2	1	3	1	3	2	1	3	2	1	2	3	1	1	1	1	1	3	3	2	2	2	3	2	1	3	2	1	2	3	2	3	2	1	3	3	1	3	1	2	1	2	3	2	3	2	1	3	3	1	3	2	1	2	3	2	3	2	1	3	3	1	3	1
480	2	2	1	1	3	1	2	1	2	2	2	3	2	1	3	2	3	1	3	3	2	2	1	1	1	2	2	1	1	2	2	3	2	1	2	3	3	1	2	1	1	1	1	1	2	1	2	3	2	2	2	2	1	3	1	1	2	1	3	3	1	2	3	3	2	2	3	1	2	3	3	1	2	3	1	1	2	2	2	3	1	2	1	3	2	2	2	3	3	3	3	1	1	1	3	2	1	1	2	3	1	2	1	2	1	3	3	1	3	3	1	1	2	1	3	1	2	1	2	2	1	1	2	1	2	2	2	2	1	3	1	1	2	2	1	1	1	2	2	3	3	1	1	3	2	2	1	3	3	2	3	2	3	2	2	2	3	2	1	2	2	1	1	1	3	1	1	1	2	2	2	3	2	2	1	1	1	3	1	1	1	2	2	2	2	2	1	1	1	3	1	1	1	2	2	2	2
807	3	1	2	1	3	2	1	3	2	2	3	2	1	3	2	2	2	2	2	3	2	3	2	3	2	2	2	2	1	2	1	2	3	2	3	2	1	3	3	3	2	1	1	2	1	1	2	2	1	3	2	1	2	1	3	1	2	3	3	3	2	1	1	1	2	2	2	3	3	3	3	2	3	1	2	1	1	1	3	2	2	2	3	1	3	2	2	3	2	2	2	1	2	1	1	1	3	3	3	2	3	3	3	2	2	2	1	3	1	3	1	1	3	1	2	1	1	3	1	1	2	1	3	2	3	2	2	1	1	3	1	1	1	2	3	1	3	3	1	3	3	1	3	3	2	2	2	1	2	1	3	3	1	3	2	2	1	3	1	2	1	1	3	1	1	2	1	3	3	2	2	2	2	1	1	3	1	1	2	1	3	3	2	2	2	1	1	3	1	1	2	1	3	3	2	3	2
484	1	2	2	1	3	2	1	3	3	2	3	1	1	3	3	3	1	2	2	2	1	3	3	2	2	1	1	3	3	1	3	2	2	3	3	1	2	2	3	3	1	2	1	3	2	1	3	2	2	1	2	2	1	2	1	1	3	3	1	3	1	1	1	2	2	1	3	1	3	1	3	1	3	3	2	1	1	2	3	2	2	3	1	1	2	3	3	3	1	1	1	1	2	2	1	2	2	3	3	2	2	1	3	3	2	3	1	3	1	3	2	1	2	1	3	3	2	1	3	1	1	1	1	1	1	2	3	1	1	1	3	1	1	1	3	1	2	1	3	3	1	1	2	1	1	2	3	3	3	2	1	3	2	1	1	2	3	2	2	3	1	1	2	2	1	2	1	1	3	3	3	1	3	1	1	2	2	1	2	1	1	3	3	3	3	1	1	2	2	1	2	1	1	3	3	3	3
583	2	2	2	1	2	2	3	3	1	2	2	2	3	1	1	3	3	2	3	2	2	2	2	3	3	3	2	2	3	2	1	1	3	1	3	1	3	3	2	3	3	1	2	1	3	1	3	1	3	2	3	2	3	1	2	3	3	2	3	1	2	2	3	3	3	2	3	2	2	3	3	1	1	1	2	2	2	2	3	3	1	3	3	2	2	2	1	3	2	2	2	2	2	1	2	3	1	3	2	2	1	2	1	1	1	3	1	3	3	3	3	2	3	2	3	1	2	2	3	2	2	1	1	1	1	3	3	1	2	1	1	3	2	3	1	3	1	3	2	2	3	3	3	3	3	2	1	3	2	1	3	3	1	2	1	1	3	1	1	3	3	2	2	3	2	3	2	1	2	2	3	3	3	3	2	2	3	2	3	2	1	2	2	3	3	3	2	2	3	2	3	2	1	2	2	2	2
498	1	3	1	1	1	1	2	2	3	3	3	3	2	2	1	2	3	2	1	1	3	3	1	3	1	1	2	2	2	2	1	1	2	1	1	1	2	1	1	1	3	2	3	2	2	2	1	2	1	3	2	2	1	3	2	1	1	1	1	3	2	3	2	3	3	1	3	1	3	3	3	2	3	1	1	1	2	2	1	2	2	2	3	2	2	2	1	3	2	1	2	3	1	1	3	1	1	1	3	1	2	2	2	1	3	3	2	1	1	2	3	2	3	3	1	1	2	2	3	3	2	3	1	1	1	1	1	2	1	2	3	2	3	2	1	2	3	2	1	1	1	2	3	1	2	3	2	3	3	3	1	3	2	2	3	3	2	2	1	1	1	1	2	3	2	3	2	2	1	1	3	3	1	1	1	2	3	2	3	2	2	1	1	3	1	1	1	2	3	2	3	2	2	1	1	1	1
492	1	2	3	3	2	1	3	3	1	3	1	2	3	3	3	3	1	2	2	3	3	3	1	3	3	1	3	1	2	1	2	3	1	1	2	2	1	3	1	1	2	2	1	1	1	3	2	2	3	2	1	2	2	2	2	3	1	2	2	2	2	1	3	3	3	2	3	2	2	2	1	1	2	2	3	3	3	1	3	1	2	2	1	1	2	2	1	1	1	1	1	2	1	2	3	3	2	1	3	3	3	2	3	3	2	3	3	1	3	1	2	2	2	1	2	2	1	3	1	1	2	2	2	3	2	2	3	3	3	3	3	3	2	2	3	3	1	2	1	3	1	2	3	1	1	2	2	3	3	3	3	3	1	3	2	3	1	3	1	3	1	1	1	1	2	2	3	2	2	1	1	1	3	1	1	1	1	2	2	3	2	2	1	1	3	1	1	1	1	2	2	3	2	2	1	2	1
496	3	1	3	2	3	1	3	2	1	1	3	3	1	1	3	3	1	1	3	1	1	3	1	2	1	2	3	1	1	3	1	2	1	3	2	2	1	3	2	3	2	1	1	1	1	2	2	1	3	3	3	2	3	3	1	3	1	2	2	1	3	2	2	1	3	3	3	2	1	3	2	1	1	3	1	3	3	1	2	1	3	3	1	2	2	2	3	1	3	3	1	3	2	1	1	3	2	1	1	2	3	3	2	3	1	3	3	1	3	1	3	3	1	2	3	3	1	2	3	1	1	2	2	1	3	2	3	3	2	3	3	2	2	1	2	3	3	3	3	1	2	2	3	1	3	2	1	1	3	1	3	2	3	2	3	3	1	1	3	3	2	3	2	1	1	2	2	2	3	2	3	1	3	2	3	2	1	1	2	2	2	3	2	3	3	2	3	2	1	1	2	2	2	3	2	3	2
499	3	3	2	3	1	1	1	1	2	3	3	3	3	3	3	3	1	1	2	1	3	3	3	2	3	1	2	2	2	1	2	3	2	3	1	3	3	3	3	1	3	2	2	1	2	1	3	2	1	3	1	1	1	1	2	3	1	3	2	3	1	1	3	2	2	3	2	2	1	1	3	3	2	3	2	3	1	3	1	2	1	3	2	3	1	1	3	1	1	3	3	2	3	1	2	3	3	2	1	1	3	3	3	1	1	1	3	2	2	3	3	2	3	2	1	2	1	3	1	3	3	2	3	3	1	2	3	1	1	1	1	3	3	1	2	3	3	1	2	1	1	1	1	1	1	1	2	3	1	3	3	1	2	3	1	3	3	3	3	2	2	2	3	3	1	3	3	3	1	2	1	2	2	2	2	3	3	1	3	3	3	1	2	1	2	2	2	3	3	1	3	3	3	1	2	1	2
508	3	2	3	3	3	2	1	3	1	3	2	1	3	1	1	3	3	3	3	2	2	1	1	1	3	3	1	3	3	1	2	3	2	3	3	3	1	1	1	3	2	2	1	2	1	2	1	1	3	1	1	3	3	1	3	3	2	2	2	3	2	1	1	1	3	1	3	3	1	1	2	1	1	3	1	3	3	3	2	1	2	3	2	2	2	1	3	2	3	2	1	2	3	1	2	3	2	1	2	3	1	1	1	2	2	3	1	3	1	1	2	3	1	2	3	1	1	3	1	2	1	2	2	2	2	1	2	2	1	2	3	2	3	1	3	2	1	2	3	1	1	1	3	1	3	1	1	2	2	2	3	1	2	3	2	3	3	2	2	2	2	3	3	3	2	1	1	3	1	3	1	2	2	2	3	3	3	2	1	1	3	1	3	1	2	2	3	3	3	2	1	1	3	1	3	1	3
104	1	1	2	2	2	2	2	2	3	3	3	1	1	3	2	1	3	3	1	3	1	2	1	3	3	3	3	2	1	3	1	3	3	3	2	1	1	1	2	1	3	2	3	1	1	3	3	1	2	3	3	3	1	3	3	3	3	2	1	3	3	2	3	1	2	3	1	2	1	2	2	2	3	3	2	2	1	2	1	3	3	1	3	1	2	1	1	2	2	2	2	3	1	3	3	1	3	1	3	3	2	1	1	1	3	2	1	2	3	3	3	2	2	1	1	2	1	2	3	3	1	1	1	2	3	1	1	3	1	1	3	2	2	3	1	3	2	3	1	1	1	1	2	1	2	2	1	1	1	1	1	2	3	1	3	2	3	2	3	1	1	1	1	3	3	2	3	3	1	2	3	1	1	1	1	1	3	3	2	3	3	1	2	3	1	1	1	1	3	3	2	3	3	1	2	1	2
516	1	1	2	3	2	2	2	2	1	2	2	1	1	2	1	2	2	2	2	3	3	2	1	2	1	1	3	3	1	1	3	1	2	3	3	3	3	3	2	2	1	1	1	3	2	1	3	1	2	3	3	3	2	3	1	3	2	1	3	2	3	3	1	3	2	1	2	3	3	3	3	1	1	1	2	3	1	2	1	1	2	3	2	3	2	1	3	1	2	1	3	2	1	2	1	2	3	3	1	1	1	3	1	1	3	2	3	1	3	3	3	1	1	2	3	1	3	1	1	1	2	2	3	1	3	3	3	3	2	2	1	2	2	1	3	3	2	2	1	1	1	3	1	3	1	3	3	3	1	2	1	2	1	1	3	2	2	3	1	1	2	3	1	2	3	3	1	2	1	1	2	3	1	2	3	1	2	3	3	1	2	1	1	2	1	2	3	1	2	3	3	1	2	1	1	1	1
520	2	2	3	2	1	2	1	3	3	2	1	3	3	1	1	3	1	1	3	1	1	3	2	2	2	3	1	1	3	3	2	3	3	1	3	3	1	3	1	2	2	3	2	1	3	1	2	3	3	2	2	1	1	2	2	3	1	1	1	2	3	3	1	2	1	1	3	3	1	1	2	3	3	2	2	3	2	3	1	3	1	1	2	2	2	1	1	1	2	1	2	2	3	2	1	2	3	1	3	1	3	3	3	1	3	2	1	1	3	1	1	3	1	1	3	1	1	1	3	2	3	3	3	2	1	3	3	1	1	2	1	2	1	2	3	3	1	3	2	2	2	1	2	3	3	1	2	1	2	1	3	2	3	3	1	2	1	2	3	2	3	1	3	2	2	2	3	3	2	1	2	2	2	3	1	3	2	2	2	3	3	2	1	2	2	3	1	3	2	2	2	3	3	2	1	2	1
524	1	1	2	2	2	3	1	2	3	1	2	1	3	3	3	2	2	3	2	2	2	2	1	3	2	2	3	2	1	3	3	3	1	3	2	1	2	3	3	3	3	1	3	2	3	1	3	3	2	1	1	2	2	2	2	2	2	1	1	2	1	2	3	1	3	3	3	1	3	1	1	1	1	1	3	3	1	2	1	2	1	2	3	3	2	1	1	2	2	1	3	2	3	1	1	2	2	2	2	3	3	2	1	3	1	2	3	1	2	3	1	2	3	3	2	3	3	3	2	3	1	1	2	2	2	1	2	2	2	3	1	2	3	3	3	2	1	1	1	1	3	2	1	1	1	3	1	3	1	3	3	3	3	3	1	1	1	2	1	3	3	1	3	1	2	1	2	3	1	2	2	3	3	3	1	3	1	2	1	2	3	1	2	2	3	3	1	3	1	2	1	2	3	1	2	1	2
554	3	3	1	1	1	1	3	3	1	2	2	2	3	2	1	2	3	1	2	3	2	3	3	1	2	3	2	3	1	3	2	3	1	2	2	1	2	3	2	1	2	3	3	3	2	3	2	3	3	3	1	3	2	3	3	1	3	2	2	2	3	3	3	3	3	2	3	1	1	3	2	2	2	3	2	3	3	1	3	2	2	2	3	2	2	1	2	1	2	2	3	2	2	2	3	3	1	1	3	3	3	1	1	1	3	1	2	2	3	1	3	2	1	1	3	1	2	2	3	2	3	1	3	2	3	2	2	3	1	1	2	3	2	3	3	3	1	3	3	1	2	1	2	3	2	2	2	1	2	3	1	3	3	1	1	3	2	2	2	1	1	2	1	3	2	3	2	3	1	2	2	2	1	1	2	1	3	2	3	2	3	1	2	2	1	1	2	1	3	2	3	2	3	1	2	1	2
558	1	1	3	3	3	3	3	1	2	2	1	3	1	2	1	2	2	3	1	3	1	3	3	1	3	1	2	3	1	3	3	1	1	2	2	1	1	2	1	3	3	3	1	2	1	1	1	2	1	2	1	3	3	3	2	2	1	1	1	1	2	2	2	3	3	1	3	2	1	2	3	1	1	1	2	3	2	1	2	1	1	2	2	1	2	1	3	2	1	3	2	3	1	1	3	2	1	3	2	3	2	2	3	3	3	3	2	2	3	3	3	1	1	1	2	3	2	3	1	3	2	2	1	1	2	2	3	3	1	2	1	1	1	2	2	2	1	3	3	2	3	1	2	2	1	2	3	2	2	2	3	1	2	2	3	2	2	2	2	1	1	1	2	3	3	1	1	3	1	1	3	1	1	1	1	2	3	3	1	1	3	1	1	3	1	1	1	2	3	3	1	1	3	1	1	1	1
528	2	1	1	1	1	3	2	2	2	2	1	1	3	1	3	1	3	1	3	2	3	3	2	3	3	2	2	1	3	3	3	3	1	2	3	1	1	3	2	3	2	1	2	2	2	1	2	1	2	1	1	2	2	2	3	1	3	2	3	1	3	2	2	1	3	1	2	1	1	1	1	1	3	2	1	3	1	3	2	2	1	3	2	2	3	1	3	3	1	3	1	1	2	2	2	2	1	1	1	1	3	1	2	2	3	2	1	1	2	3	2	1	2	3	1	1	1	1	3	3	3	3	1	3	2	3	3	1	1	3	3	1	2	3	2	3	2	1	1	2	1	1	3	3	1	3	1	1	3	3	3	3	1	2	3	3	3	2	1	2	1	1	1	1	3	3	1	3	1	3	1	1	2	1	1	1	1	3	3	1	3	1	3	1	2	1	1	1	1	3	3	1	3	1	3	1	3
562	2	3	1	1	2	3	3	3	1	3	3	1	1	2	1	3	2	1	1	2	1	3	3	3	1	3	3	1	1	3	3	1	1	1	2	2	2	3	3	3	2	3	1	1	1	1	1	1	2	2	3	3	1	1	3	1	3	2	3	2	2	3	3	3	2	3	3	2	1	3	1	2	3	2	3	2	3	2	3	1	2	1	1	2	2	2	2	2	1	2	1	2	1	3	1	3	2	2	2	1	1	2	2	2	2	1	1	3	2	1	2	2	1	2	3	3	3	1	2	2	3	2	3	3	1	3	2	3	2	2	3	1	1	2	3	3	3	3	3	2	1	3	2	1	3	1	1	1	2	1	2	2	1	3	1	2	2	3	3	1	2	3	2	1	1	1	1	3	3	1	1	1	1	2	3	2	1	1	1	1	3	3	1	1	1	2	3	2	1	1	1	1	3	3	1	3	1
566	2	3	1	1	1	3	3	1	3	1	1	2	3	2	2	1	2	2	1	3	3	1	3	2	2	1	2	1	1	3	1	1	1	2	1	3	2	1	1	2	2	3	3	2	1	3	1	3	3	1	1	1	1	2	2	2	2	2	1	3	2	3	2	1	3	1	2	3	1	3	1	2	2	1	2	3	2	1	2	1	3	1	2	2	1	2	3	2	1	2	2	1	2	3	3	2	3	3	1	2	2	3	1	2	3	3	2	3	2	3	1	3	2	1	3	1	1	1	1	3	3	3	1	3	1	2	3	3	1	2	1	3	1	2	2	1	1	2	3	2	1	2	1	2	3	3	1	1	2	2	1	1	2	2	2	1	3	2	1	2	3	1	1	2	3	3	3	1	2	1	2	3	2	3	1	1	2	3	3	3	1	2	1	2	2	3	1	1	2	3	3	3	1	2	1	2	1
578	2	2	3	1	3	2	2	3	3	1	2	1	2	2	1	2	2	2	1	1	1	2	2	2	2	3	3	2	1	1	3	2	1	1	2	1	3	2	3	2	2	1	2	2	2	1	3	1	2	1	2	3	2	1	2	1	1	1	2	1	1	1	1	3	2	1	3	2	2	2	2	1	3	3	1	3	1	3	2	1	2	2	3	3	3	3	1	1	2	3	2	1	1	1	1	3	3	3	1	1	1	1	2	3	2	2	3	2	1	3	2	2	1	3	3	2	3	2	3	1	2	2	1	2	1	3	3	1	1	3	3	3	3	1	3	3	3	1	3	2	1	3	2	2	1	1	1	1	2	3	1	2	1	3	2	1	2	1	1	2	3	1	1	2	2	3	3	2	2	3	3	1	2	3	1	1	2	2	3	3	2	2	3	3	2	3	1	1	2	2	3	3	2	2	3	2	3
512	1	3	1	3	3	2	1	1	3	2	3	3	2	2	3	1	2	2	1	2	3	2	1	1	3	1	3	1	3	3	1	1	1	2	2	3	1	1	1	1	1	3	3	2	1	2	3	3	3	1	1	1	1	3	2	3	3	2	3	1	3	2	3	3	1	3	2	3	3	1	3	1	1	1	1	3	1	1	3	3	3	2	1	3	2	1	1	1	3	3	1	3	3	3	1	1	1	3	2	3	1	1	1	3	1	1	1	3	3	3	3	1	3	2	2	1	2	2	3	1	3	1	1	1	1	1	3	3	2	2	1	2	3	3	1	2	3	2	3	3	1	2	1	3	2	1	1	3	1	3	1	3	2	1	1	2	2	2	1	1	1	1	2	3	2	1	1	3	3	1	2	1	1	1	1	2	3	2	1	1	3	3	1	2	1	1	1	2	3	2	1	1	3	3	1	3	1
40	1	3	2	2	3	2	2	1	3	1	3	3	1	3	2	1	2	3	3	3	1	1	1	1	2	2	2	3	2	3	2	1	3	3	3	2	3	3	2	3	3	1	3	1	2	2	2	1	3	1	3	1	2	2	1	3	3	2	1	2	2	1	3	2	2	2	1	1	2	1	3	2	3	2	2	3	1	3	3	3	2	1	3	3	3	2	1	1	3	3	1	1	1	1	1	2	3	2	3	3	3	1	3	3	3	3	2	1	3	2	2	3	1	2	2	2	2	1	3	2	1	3	2	2	2	3	1	2	2	1	1	3	2	3	2	2	1	1	2	2	1	1	3	3	2	3	1	3	2	3	2	1	2	3	2	1	3	3	3	2	3	2	1	2	1	1	2	2	1	1	1	2	2	3	2	1	2	1	1	2	2	1	1	1	2	3	2	1	2	1	1	2	2	1	1	1	1
586	3	2	3	2	3	2	2	3	3	3	2	3	2	1	2	3	3	2	1	1	3	1	3	3	1	1	3	3	3	3	3	1	1	1	1	1	3	3	2	3	3	1	2	1	3	3	2	3	2	2	3	3	2	1	1	2	1	1	2	2	3	3	2	2	2	3	2	3	3	2	1	1	3	2	1	3	1	2	2	1	2	1	2	1	3	1	1	2	3	3	2	2	2	1	2	3	1	3	2	2	2	3	3	2	3	2	2	1	3	2	2	1	3	1	3	2	3	1	3	2	1	1	2	1	3	3	1	3	3	3	3	1	1	1	2	1	3	1	3	1	3	3	2	1	3	2	2	3	3	1	2	3	1	1	3	3	3	3	1	3	3	3	3	3	2	1	1	1	1	1	2	2	3	3	3	3	3	2	1	1	1	1	1	2	3	3	3	3	3	2	1	1	1	1	1	1	1
585	2	1	1	2	2	2	3	2	2	3	3	2	2	3	1	3	2	2	1	2	2	3	3	3	3	2	3	2	3	1	2	3	1	1	2	3	3	1	3	3	1	2	3	1	3	1	3	2	2	3	1	3	1	3	3	1	2	2	3	2	3	3	3	3	2	2	1	3	3	2	2	2	3	2	3	2	3	3	1	3	3	3	3	3	3	3	3	1	1	3	1	3	1	2	1	2	1	2	2	2	3	2	2	3	1	1	3	3	3	3	2	1	1	1	1	3	1	1	3	1	3	1	3	3	1	1	1	3	2	2	3	1	2	3	1	1	2	3	1	2	2	3	2	2	1	2	3	1	3	2	2	3	1	3	3	2	3	2	2	2	1	3	3	2	3	2	3	2	2	2	3	3	2	1	3	3	2	3	2	3	2	2	2	3	2	1	3	3	2	3	2	3	2	2	2	2	2
591	3	1	3	1	3	1	2	3	3	1	1	2	1	3	1	2	3	3	1	1	2	3	1	1	2	1	1	1	1	3	1	2	1	2	3	1	2	3	3	2	3	3	3	1	2	3	3	1	3	1	1	2	2	1	3	3	3	1	3	1	3	3	2	1	3	3	1	1	3	2	3	2	3	3	3	3	2	1	1	3	1	3	2	2	3	2	3	2	2	1	3	2	2	2	3	2	2	1	2	2	2	1	2	3	2	1	3	2	3	1	3	3	1	2	3	1	1	1	3	1	3	1	1	2	1	3	2	2	2	2	3	1	2	2	3	2	3	1	3	1	2	1	3	1	2	3	3	3	3	2	3	1	3	2	3	1	1	3	1	3	3	3	3	1	3	1	3	1	3	3	1	2	3	3	3	3	1	3	1	3	1	3	3	1	3	3	3	3	1	3	1	3	1	3	3	3	3
598	2	2	2	3	2	1	3	2	1	1	3	1	3	1	3	1	1	2	1	3	3	3	2	1	2	3	2	3	2	3	2	1	1	3	3	3	2	1	1	1	3	3	3	3	1	2	3	2	1	2	2	2	2	3	1	3	2	3	2	1	2	3	1	3	1	2	1	3	2	3	2	3	2	2	1	2	1	1	1	2	1	2	3	2	1	1	2	2	3	1	3	2	3	3	2	2	1	3	3	1	2	2	1	2	2	1	1	2	3	1	2	2	1	1	2	3	2	1	2	1	2	2	2	2	3	1	2	3	3	3	3	3	2	2	1	1	2	2	1	2	3	1	3	3	1	1	3	3	2	1	3	2	2	2	2	3	3	2	2	2	3	2	1	2	2	3	3	1	2	1	3	1	2	3	2	1	2	2	3	3	1	2	1	3	2	3	2	1	2	2	3	3	1	2	1	2	1
600	1	3	1	3	3	3	1	3	3	2	1	3	3	1	3	1	3	3	2	1	3	2	2	3	1	2	1	1	1	3	3	1	1	2	3	1	3	1	1	1	2	2	2	1	1	1	3	1	3	3	3	1	3	3	1	3	3	1	1	3	3	1	3	3	2	2	3	2	1	3	2	1	3	2	3	2	3	1	3	1	1	2	2	1	2	2	3	3	2	3	3	2	2	1	2	2	1	3	1	2	2	1	3	1	3	3	3	1	2	3	3	1	2	1	3	3	3	3	3	1	2	2	1	2	2	3	3	1	1	2	2	2	3	3	3	3	3	1	1	3	1	2	1	2	1	3	2	3	3	2	3	2	3	1	2	3	2	1	1	1	2	3	3	2	1	1	2	3	2	2	3	1	1	2	3	3	2	1	1	2	3	2	2	3	1	2	3	3	2	1	1	2	3	2	2	2	2
604	2	3	2	1	3	2	2	3	3	3	2	3	1	1	2	3	2	2	3	3	1	3	3	3	3	1	2	1	1	2	2	3	2	1	3	2	1	3	2	2	3	3	3	3	2	3	3	3	2	3	3	2	1	1	1	2	3	3	2	3	1	3	1	1	2	3	1	2	2	2	1	1	2	2	3	2	2	3	3	2	3	2	3	1	1	2	2	2	3	1	2	2	2	1	2	2	1	3	3	1	1	1	2	2	3	3	3	1	2	1	2	2	1	2	2	3	1	2	2	1	3	3	1	1	2	2	1	2	3	3	1	2	1	2	2	1	3	3	3	1	1	1	1	2	3	3	1	1	1	2	3	1	3	2	2	1	3	2	1	1	3	2	2	3	3	3	1	2	2	1	3	2	1	3	2	2	3	3	3	1	2	2	1	3	1	3	2	2	3	3	3	1	2	2	1	2	1
608	3	2	1	2	2	1	2	3	2	2	1	2	2	3	2	3	2	3	3	2	1	3	2	1	2	2	3	2	3	3	3	2	1	1	1	2	1	3	3	2	3	2	2	1	1	1	1	3	2	2	3	2	1	1	3	3	3	3	2	1	1	1	2	2	1	3	2	1	3	2	3	1	1	1	2	2	3	2	3	2	1	1	2	1	2	3	3	1	3	1	1	3	1	2	2	2	3	3	2	2	1	1	2	1	2	3	2	3	3	3	1	2	2	2	3	1	3	2	1	1	2	1	3	1	2	1	2	2	1	2	1	1	1	1	2	3	1	3	1	1	2	3	3	1	3	2	1	1	3	1	2	3	3	2	2	3	3	3	1	2	2	2	2	2	2	3	2	1	2	3	1	3	2	2	2	2	2	2	3	2	1	2	3	1	2	2	2	2	2	2	3	2	1	2	3	2	3
616	3	2	2	1	2	2	2	1	2	1	2	3	3	3	2	3	1	2	1	2	2	2	3	2	3	1	3	1	3	3	2	3	2	3	3	2	3	3	2	3	2	3	1	1	2	3	1	2	3	2	3	1	2	3	3	1	3	2	2	3	3	1	2	2	1	2	2	1	3	1	2	1	3	2	1	2	1	1	3	2	3	3	2	2	2	2	2	2	3	3	1	3	1	3	1	1	1	3	3	3	1	1	2	1	1	2	3	2	2	2	3	1	1	1	3	2	3	2	1	2	2	3	1	2	2	3	3	3	1	1	2	1	3	3	1	3	1	1	3	3	1	2	2	3	2	1	2	1	2	2	3	1	1	3	1	3	3	2	3	1	3	1	3	3	1	2	3	2	3	1	3	1	1	3	1	3	3	1	2	3	2	3	1	3	1	3	1	3	3	1	2	3	2	3	1	3	1
620	3	1	3	3	3	2	3	1	1	3	1	2	3	2	3	1	1	3	3	3	3	2	1	1	1	3	3	3	3	2	2	2	2	1	2	3	3	2	2	3	3	2	3	1	1	1	3	1	3	2	2	1	2	1	2	3	3	3	2	3	1	3	2	1	2	1	2	3	3	3	1	2	3	2	3	1	2	1	2	2	3	1	2	2	3	3	2	2	1	3	1	3	2	2	3	3	2	2	2	1	3	3	1	1	3	1	3	1	3	1	1	3	1	2	2	1	3	3	1	3	1	3	2	2	1	1	1	3	1	1	3	2	3	1	3	2	3	2	2	1	3	3	2	1	3	3	2	2	1	2	2	1	1	3	1	1	2	2	3	1	1	1	1	1	1	1	2	3	1	2	1	2	1	1	1	1	1	1	1	2	3	1	2	1	1	1	1	1	1	1	1	2	3	1	2	1	2
646	3	2	3	1	1	2	3	2	2	1	2	3	2	2	3	2	2	3	2	2	2	2	3	1	3	1	3	3	3	3	3	2	3	2	1	2	3	1	2	3	3	2	1	2	3	1	1	3	3	2	3	2	1	2	2	3	3	2	1	1	1	3	3	2	2	3	1	2	1	3	3	1	2	2	2	3	2	2	1	2	3	2	2	3	2	3	2	3	1	3	2	1	2	2	2	3	2	1	3	3	2	1	2	3	1	2	1	1	3	1	2	1	3	1	3	2	2	1	2	3	1	2	1	1	1	2	3	2	1	3	1	2	1	3	3	1	1	1	3	2	3	2	2	2	2	1	2	3	3	2	3	2	1	1	1	2	1	1	2	1	1	1	3	2	3	2	1	3	3	3	1	3	1	1	1	3	2	3	2	1	3	3	3	1	1	1	1	3	2	3	2	1	3	3	3	3	3
642	2	2	3	2	1	3	3	2	2	3	2	2	3	2	3	1	2	3	2	3	2	3	1	3	2	3	1	2	3	1	1	1	3	1	2	1	2	2	3	2	3	1	1	3	3	1	3	3	3	1	1	3	1	1	3	3	1	1	3	2	1	1	1	3	3	3	3	3	1	1	1	3	1	2	2	3	3	3	1	2	1	2	1	3	2	3	1	2	3	1	2	2	3	3	1	3	3	1	2	1	2	1	3	2	3	2	2	1	3	2	3	2	1	2	2	1	1	3	2	1	2	3	2	3	2	3	1	3	1	3	1	3	3	3	2	2	3	2	2	1	3	3	2	2	1	1	1	2	1	1	3	2	2	2	2	2	3	2	2	2	2	2	2	1	1	1	2	2	1	1	1	2	2	2	2	2	1	1	1	2	2	1	1	1	2	2	2	2	1	1	1	2	2	1	1	1	1
643	3	3	1	2	3	2	2	3	3	2	2	3	3	1	1	2	2	3	3	3	3	2	2	1	1	1	3	2	2	1	3	2	3	2	1	3	1	1	3	3	2	3	2	2	1	1	1	1	1	2	3	3	2	3	1	1	2	1	3	3	3	1	2	1	1	2	2	3	2	3	2	1	1	1	1	3	3	3	1	1	1	3	3	2	1	3	1	2	2	2	2	1	1	3	3	2	3	1	3	3	1	2	2	1	3	3	1	2	1	3	3	2	3	2	1	3	3	3	1	2	3	1	3	3	2	3	2	1	2	1	1	3	1	2	1	3	3	1	3	3	1	3	2	1	1	1	1	2	2	2	3	3	1	1	2	3	1	2	2	1	3	1	1	1	2	2	3	2	1	2	2	2	1	3	1	1	1	2	2	3	2	1	2	2	1	3	1	1	1	2	2	3	2	1	2	1	2
659	1	1	2	3	2	2	3	1	3	1	2	2	3	1	1	2	2	2	3	2	2	2	1	2	2	3	3	2	1	3	1	1	2	3	3	2	2	2	3	2	1	2	1	1	1	3	3	1	2	1	3	2	1	2	2	3	1	1	1	2	2	1	1	3	3	1	1	1	2	2	2	3	1	3	3	2	1	3	2	2	3	1	3	3	1	3	2	1	2	1	1	3	1	2	3	1	3	3	2	1	2	3	1	3	1	1	1	3	3	3	3	3	2	2	2	2	3	2	3	1	3	1	3	2	1	1	3	3	1	3	1	3	3	1	2	2	2	2	1	3	1	2	1	2	1	1	2	2	1	3	3	3	2	3	1	2	1	3	1	3	1	1	1	3	1	2	3	3	3	3	2	3	3	1	1	1	3	1	2	3	3	3	3	2	3	1	1	1	3	1	2	3	3	3	3	3	3
662	3	3	1	1	2	3	1	3	3	2	2	2	2	1	2	2	3	3	1	1	3	2	3	1	2	2	2	1	2	3	1	2	2	3	1	3	2	3	1	1	1	2	1	3	2	3	1	2	2	3	2	3	2	2	2	1	3	3	1	2	2	3	1	3	1	2	3	2	1	1	2	2	2	2	1	1	3	3	1	1	1	3	3	2	3	3	1	3	2	1	2	1	2	2	1	1	3	1	1	3	2	2	3	1	2	2	3	3	1	2	1	2	1	3	3	1	1	2	3	1	3	3	1	1	2	3	3	1	1	3	1	2	1	3	3	1	1	2	3	3	2	1	3	3	1	1	3	3	3	3	3	3	2	3	2	2	3	2	1	3	1	1	3	2	3	1	1	1	1	3	1	1	3	1	1	3	2	3	1	1	1	1	3	1	3	1	1	3	2	3	1	1	1	1	3	1	3
670	2	2	1	2	2	1	1	2	2	2	2	3	2	3	2	1	1	2	1	3	1	1	3	1	3	1	3	1	3	1	2	2	3	2	3	3	1	3	2	3	2	1	2	2	1	2	3	2	3	2	1	2	1	3	3	1	2	1	2	3	2	2	3	1	2	1	1	3	3	2	2	3	1	2	3	1	1	1	3	2	1	3	3	1	3	3	3	3	2	1	2	1	3	1	3	2	2	2	2	2	2	3	2	3	2	2	1	2	2	3	2	2	1	1	3	2	2	1	1	3	2	2	2	1	3	1	3	3	1	3	2	2	2	2	2	1	2	3	1	2	2	1	2	3	2	2	3	2	2	1	1	3	3	1	3	3	3	1	3	1	3	2	2	1	2	2	1	1	3	2	3	2	1	3	2	2	1	2	2	1	1	3	2	3	1	3	2	2	1	2	2	1	1	3	2	3	2
90	1	1	3	2	2	1	1	3	2	3	2	1	1	1	1	2	1	2	3	2	3	2	1	1	1	1	1	1	1	1	1	2	3	3	2	3	2	1	1	2	3	1	1	3	3	3	2	1	1	3	3	2	1	1	3	2	1	3	2	2	1	2	1	3	1	3	2	3	2	1	1	2	1	1	1	1	2	2	3	2	3	1	1	1	2	3	1	1	3	1	1	2	2	3	1	1	3	1	2	3	3	1	2	1	3	2	1	3	3	1	3	1	3	2	2	2	3	3	2	2	1	3	1	2	3	1	1	1	1	3	2	2	3	1	2	2	3	3	3	2	3	3	3	3	3	3	3	1	1	1	3	3	2	2	2	3	3	2	1	3	3	1	2	1	1	1	1	1	1	1	3	2	3	3	1	2	1	1	1	1	1	1	1	3	3	3	1	2	1	1	1	1	1	1	1	1	1
894	3	3	1	3	2	2	2	1	1	1	2	1	2	2	2	1	1	3	3	1	3	2	3	3	1	3	3	1	3	2	3	3	2	1	2	2	2	3	3	1	3	3	3	1	2	2	1	2	1	3	1	2	2	3	1	3	3	2	2	2	1	1	3	1	2	2	1	2	3	1	3	3	1	3	2	1	2	2	2	1	1	1	1	2	1	3	3	1	2	1	3	1	1	3	1	1	1	2	3	1	1	1	3	2	3	1	1	2	3	3	2	1	3	2	2	3	1	3	1	2	3	3	3	2	2	1	2	3	1	3	2	2	1	1	3	2	2	3	3	3	1	3	2	3	2	3	3	2	3	2	1	2	2	3	3	2	1	3	3	2	1	2	1	1	3	3	2	1	1	3	2	1	2	1	2	1	1	3	3	2	1	1	3	2	2	1	2	1	1	3	3	2	1	1	3	1	3
882	3	3	2	2	3	3	2	1	3	1	2	1	3	2	1	2	3	2	3	3	2	3	2	2	2	3	1	3	1	2	3	2	2	3	3	2	1	1	1	3	2	2	2	1	3	1	3	3	2	1	1	3	1	1	1	2	3	2	3	2	1	3	1	1	1	3	3	2	2	2	1	1	1	2	1	3	1	2	1	1	3	1	3	1	2	2	1	2	1	3	3	1	1	3	3	1	2	3	1	2	3	2	2	2	1	2	2	1	3	1	3	1	3	2	3	2	3	2	1	3	3	3	2	2	2	2	3	1	3	2	1	1	2	3	1	3	2	3	1	1	3	2	1	1	1	2	2	1	1	2	1	2	3	1	2	1	2	3	3	2	1	3	1	2	3	3	2	3	1	2	1	2	2	1	3	1	2	3	3	2	3	1	2	1	2	1	3	1	2	3	3	2	3	1	2	1	2
674	1	2	2	3	1	3	2	1	3	3	1	3	3	3	1	2	3	2	3	3	2	3	2	2	1	2	1	1	2	2	3	3	1	1	2	3	2	3	1	2	1	3	1	3	1	2	2	1	1	2	3	2	1	3	2	2	1	3	2	2	2	1	3	3	3	2	3	2	3	1	3	1	3	3	3	1	2	3	3	3	2	3	2	2	2	3	3	2	1	2	3	1	3	2	1	3	1	2	2	1	3	2	2	3	2	3	1	2	3	3	3	2	2	1	2	3	2	1	1	2	1	2	2	2	2	2	2	3	2	2	3	2	1	2	1	3	1	1	1	3	3	2	2	1	3	1	1	1	1	1	1	3	1	1	2	1	2	3	3	1	1	3	2	3	3	3	2	3	2	3	2	3	1	1	3	2	3	3	3	2	3	2	3	2	1	1	3	2	3	3	3	2	3	2	3	2	3
678	2	2	3	3	3	1	3	2	1	3	2	2	1	1	1	1	3	1	2	1	3	2	2	1	3	2	3	3	2	2	3	1	3	1	2	2	3	3	2	1	1	2	3	1	1	2	3	1	2	2	2	1	2	2	2	2	2	1	1	1	1	2	3	3	2	2	2	1	2	1	3	1	3	1	3	1	2	1	3	2	1	2	1	2	2	1	1	1	3	1	2	3	3	3	3	3	3	1	1	1	2	2	1	2	1	3	1	3	2	1	2	3	1	3	3	1	2	2	2	1	3	2	3	3	2	1	1	3	2	1	1	2	2	3	1	3	2	3	3	1	3	2	2	2	3	2	3	1	3	2	1	1	2	1	3	1	1	2	1	1	1	3	3	1	2	2	1	2	2	3	2	2	1	1	3	3	1	2	2	1	2	2	3	2	1	1	3	3	1	2	2	1	2	2	3	2	3
682	1	3	3	3	2	3	3	3	3	1	2	3	3	3	2	3	1	3	2	3	1	1	2	3	2	1	2	3	1	1	1	1	1	3	2	1	3	2	2	2	2	3	3	2	3	1	2	2	2	2	2	3	2	2	2	1	2	2	1	3	3	3	3	2	2	1	3	1	1	1	3	2	2	2	2	2	2	2	1	3	3	3	1	2	2	2	1	1	3	2	2	1	2	3	2	3	2	1	1	3	3	2	2	2	2	1	2	1	2	2	3	3	3	1	1	2	1	3	2	2	2	3	1	1	3	1	2	3	3	2	1	1	2	2	2	3	2	1	1	3	2	1	1	3	3	2	2	3	1	1	2	1	3	1	2	2	2	1	3	1	3	3	3	1	2	3	3	1	2	1	3	2	1	3	3	3	1	2	3	3	1	2	1	3	1	3	3	3	1	2	3	3	1	2	1	2	1
752	1	3	3	1	2	1	2	3	1	1	3	2	3	2	3	3	2	2	1	2	3	1	3	2	1	2	2	3	2	3	3	1	2	3	2	1	2	1	3	2	2	2	3	1	1	3	2	2	2	3	1	1	1	1	2	1	2	1	1	2	1	2	1	3	2	3	2	1	1	1	1	1	3	1	2	3	3	3	1	3	2	2	2	1	1	2	2	2	3	1	2	1	2	2	1	3	3	2	2	2	2	3	3	2	2	1	1	2	2	1	1	1	3	1	3	2	3	1	2	2	3	3	1	2	1	3	1	3	1	3	3	2	2	1	3	1	3	2	2	1	2	3	3	1	2	1	2	3	2	1	1	2	2	1	3	3	2	2	2	2	2	2	3	1	1	3	2	1	1	2	2	1	2	2	2	3	1	1	3	2	1	1	2	2	2	2	2	3	1	1	3	2	1	1	2	1	2
756	2	2	1	1	1	3	3	1	3	2	3	3	3	3	1	3	2	3	2	3	3	2	2	1	2	2	1	2	3	2	3	2	1	2	3	2	2	1	2	3	2	2	1	2	3	3	2	2	3	3	1	2	3	1	2	3	2	1	1	1	2	1	3	3	3	2	3	1	2	1	2	3	2	1	3	1	3	3	2	2	3	2	2	2	1	3	2	1	1	3	1	2	1	2	2	2	3	2	3	2	1	3	2	3	2	2	1	1	3	3	3	3	2	2	3	3	2	1	3	2	1	1	1	3	2	3	1	1	3	1	1	2	2	2	2	2	1	1	1	1	2	1	3	2	1	2	1	1	2	2	1	3	2	1	3	2	3	3	3	1	1	3	2	1	1	1	1	1	3	2	1	2	1	1	3	2	1	1	1	1	1	3	2	1	1	1	3	2	1	1	1	1	1	3	2	3	2
686	1	1	3	1	2	3	3	3	3	2	1	3	3	1	3	1	1	3	2	1	3	1	1	3	3	1	2	1	2	2	2	2	2	2	1	3	1	3	1	3	3	3	3	2	2	1	2	2	3	1	2	3	2	3	2	1	3	3	2	3	2	3	1	1	2	2	3	2	3	2	1	1	3	3	2	3	3	3	3	1	1	1	2	1	3	3	3	2	2	2	2	3	3	1	2	1	2	3	2	2	3	1	1	3	1	1	2	3	1	3	1	2	3	2	2	2	1	3	3	2	1	2	1	2	3	1	2	3	1	3	3	3	3	3	3	1	1	2	2	1	1	2	2	2	1	1	3	3	3	1	3	3	1	1	2	2	3	1	2	2	2	3	2	1	1	2	2	3	3	2	3	3	2	2	3	2	1	1	2	2	3	3	2	3	2	2	3	2	1	1	2	2	3	3	2	3	2
688	1	2	1	1	1	2	3	1	1	1	2	2	1	2	3	2	3	1	2	2	1	2	3	2	2	2	3	3	1	2	1	1	2	1	2	1	1	2	3	2	2	1	1	2	3	2	2	1	3	2	2	2	1	3	2	3	2	1	3	1	2	3	1	3	3	2	2	3	3	2	3	1	1	2	1	2	1	1	1	2	2	1	3	2	1	3	2	3	2	2	1	1	3	2	3	3	3	1	2	1	1	2	3	1	2	3	3	3	3	3	2	1	3	2	3	1	3	1	1	1	1	2	3	2	2	2	2	2	2	1	3	3	2	3	2	2	1	1	2	2	2	2	2	2	1	2	2	1	1	2	3	3	1	2	3	3	2	1	2	1	2	1	2	3	3	3	3	1	2	3	2	1	1	2	1	2	3	3	3	3	1	2	3	2	1	2	1	2	3	3	3	3	1	2	3	2	3
690	1	3	1	1	2	2	2	3	3	1	1	2	2	3	3	1	3	3	1	2	2	1	1	2	1	3	3	2	1	3	1	1	2	1	3	2	1	2	1	1	2	2	2	3	3	1	1	3	2	2	2	2	3	1	3	3	2	1	1	2	2	1	2	2	2	3	3	1	1	2	3	1	2	3	2	2	3	3	2	1	3	3	2	3	1	3	3	1	3	1	3	1	2	1	1	3	1	3	2	1	1	2	2	3	3	1	1	3	1	2	1	3	2	3	1	1	2	3	3	1	3	1	2	1	2	3	1	1	2	1	3	1	3	2	1	3	1	3	3	1	2	1	3	2	2	2	3	1	1	1	2	1	1	2	1	1	1	3	1	2	1	1	2	1	1	3	1	3	1	3	1	3	2	1	1	2	1	1	3	1	3	1	3	1	2	1	1	2	1	1	3	1	3	1	3	1	3
694	3	2	1	2	1	3	3	3	2	2	3	2	2	1	3	1	1	1	2	1	2	3	1	2	1	3	2	3	1	2	3	1	1	1	2	3	1	2	1	2	1	3	1	3	1	2	1	1	2	2	1	2	3	1	3	2	2	3	1	2	1	3	1	2	1	3	1	3	2	3	2	3	3	2	1	1	3	1	3	2	1	3	1	3	2	2	3	2	2	1	1	3	2	3	3	2	1	3	2	3	1	3	1	2	1	1	1	3	3	1	1	2	1	3	1	3	2	3	3	3	2	1	2	3	1	3	3	2	2	2	3	1	3	2	1	2	2	2	3	1	2	1	2	2	3	2	3	2	1	1	3	3	2	2	3	3	1	3	3	3	3	1	1	1	3	3	3	3	1	2	1	2	3	3	1	1	1	3	3	3	3	1	2	1	3	3	1	1	1	3	3	3	3	1	2	1	2
716	1	3	1	3	2	3	2	3	2	2	2	1	2	3	2	2	2	2	1	3	3	1	1	3	1	1	1	2	3	1	2	1	3	3	1	1	3	2	3	3	2	1	3	3	2	2	1	2	2	3	3	1	1	3	3	1	2	1	1	1	2	1	3	1	1	2	1	1	2	3	2	1	3	1	1	2	2	3	1	3	3	1	3	3	2	3	1	3	3	2	1	1	2	1	1	3	1	2	2	2	1	2	3	1	3	3	3	2	3	1	2	3	1	3	3	2	1	1	1	2	2	2	3	1	1	3	1	1	2	1	3	1	2	2	2	1	2	3	1	2	3	3	1	3	2	3	2	1	1	2	3	2	1	3	2	2	3	3	3	3	2	2	3	3	1	1	2	2	1	2	2	2	3	2	2	3	3	1	1	2	2	1	2	2	3	2	2	3	3	1	1	2	2	1	2	1	2
702	3	1	3	2	3	3	1	3	3	2	3	2	3	2	2	3	3	2	3	2	3	2	3	3	2	1	3	3	3	1	2	2	3	1	3	2	1	2	1	2	3	1	1	2	3	1	1	3	2	2	1	1	1	1	3	3	3	3	1	1	1	1	3	2	2	2	1	3	1	1	1	1	2	2	1	2	3	1	3	2	3	1	1	1	2	3	1	2	3	1	1	2	1	2	1	1	1	1	2	2	3	2	2	3	2	1	2	3	1	3	1	3	3	2	1	1	3	3	2	1	3	1	2	1	1	3	3	2	2	1	3	2	2	1	2	2	1	2	2	2	2	2	3	3	2	2	3	1	1	1	2	1	2	2	2	1	1	1	2	2	1	2	3	2	3	2	1	3	2	1	3	1	2	1	2	3	2	3	2	1	3	2	1	3	2	1	2	3	2	3	2	1	3	2	1	2	1
703	2	1	1	2	1	1	1	3	3	2	3	2	3	1	3	1	1	3	3	3	3	2	3	1	2	1	2	2	1	3	2	1	3	3	3	1	3	3	1	3	2	1	2	2	1	3	2	3	1	1	1	3	3	1	1	2	1	3	2	1	2	3	1	1	2	2	3	2	1	2	1	1	1	3	2	1	3	2	2	1	2	3	3	1	2	2	3	1	2	1	3	3	3	2	3	1	1	2	2	1	3	1	3	2	2	3	2	2	1	1	3	1	2	1	3	1	3	3	2	1	2	3	2	3	1	3	1	1	1	2	1	1	3	1	2	1	3	2	3	1	1	1	1	2	2	3	1	3	2	3	3	3	3	3	2	1	1	2	1	1	3	2	3	1	1	2	2	3	1	2	2	2	1	3	2	3	1	1	2	2	3	1	2	2	1	3	2	3	1	1	2	2	3	1	2	1	2
705	1	2	1	2	2	1	1	1	3	1	3	2	1	3	2	1	2	2	3	3	1	2	2	2	2	2	1	3	3	3	3	2	1	2	2	1	1	1	3	1	1	3	1	2	2	2	1	2	1	2	2	2	3	3	1	2	1	3	2	3	1	1	3	1	1	1	1	2	3	2	2	1	2	2	2	2	2	3	3	2	3	3	1	2	1	3	1	2	1	2	2	3	2	2	2	1	1	3	2	1	3	2	1	1	1	1	1	3	1	2	1	3	1	3	3	2	3	2	1	1	3	1	3	2	1	2	1	2	3	1	1	3	1	3	1	1	2	1	3	3	3	1	1	1	3	1	1	1	1	3	1	3	2	3	2	2	1	3	2	2	2	2	3	3	3	1	3	2	1	3	3	2	2	2	2	3	3	3	1	3	2	1	3	3	2	2	2	3	3	3	1	3	2	1	3	1	3
706	2	3	3	1	3	3	1	3	2	1	3	2	1	1	2	3	3	3	3	2	3	1	3	3	1	3	3	3	2	2	1	3	3	2	1	3	1	3	1	2	3	1	2	3	2	1	3	2	2	3	3	2	2	1	2	2	3	3	3	3	3	3	2	1	1	3	3	2	3	2	3	1	3	1	1	1	3	3	1	2	2	1	3	3	2	1	2	2	1	2	2	3	2	3	3	3	3	3	3	1	2	1	3	1	1	3	1	3	2	1	2	2	2	2	3	3	3	2	3	1	1	3	3	2	3	1	2	2	2	3	2	2	3	2	1	1	1	1	2	3	3	2	2	3	3	1	3	3	3	2	1	1	1	3	1	1	1	1	2	3	2	3	1	3	2	2	2	2	3	2	1	1	3	2	3	1	3	2	2	2	2	3	2	1	3	2	3	1	3	2	2	2	2	3	2	3	2
724	2	3	1	1	3	3	2	3	3	2	1	2	3	1	3	2	2	3	1	3	3	2	3	2	2	3	3	3	3	3	2	3	2	3	1	3	2	1	2	3	2	3	3	1	1	1	3	2	2	3	2	2	1	2	1	1	1	3	1	1	3	3	3	2	3	1	1	2	1	1	3	3	1	2	1	1	1	2	3	1	3	3	1	3	3	3	3	3	3	3	3	2	2	2	1	1	3	2	2	1	1	2	3	3	2	2	2	2	1	2	1	2	1	3	2	3	2	2	3	1	1	2	2	2	3	3	1	2	3	1	1	3	3	2	3	2	1	2	2	2	3	2	1	3	3	1	1	3	1	2	3	2	1	1	2	2	3	2	3	1	1	1	1	1	2	1	3	1	2	2	2	2	1	1	1	1	1	2	1	3	1	2	2	2	1	1	1	1	1	2	1	3	1	2	2	2	2
144	2	1	1	3	2	1	1	1	3	2	3	1	3	3	3	3	2	2	1	2	3	2	2	3	3	2	2	2	1	3	3	3	3	3	3	2	1	2	2	3	1	2	3	2	1	1	3	2	2	1	3	2	2	2	1	2	2	1	1	3	3	2	3	2	3	2	1	1	2	2	2	3	3	1	2	2	3	1	2	2	2	3	2	3	3	1	2	1	2	3	2	1	3	3	3	1	3	1	1	3	1	3	3	2	2	1	3	2	2	3	2	1	1	1	2	1	2	1	3	2	3	3	3	2	3	1	2	3	1	2	2	1	2	1	1	3	1	1	3	2	1	3	1	1	2	1	3	2	3	1	1	1	3	1	2	2	1	3	1	1	1	3	3	2	2	1	3	3	2	2	3	2	1	1	3	3	2	2	1	3	3	2	2	3	1	1	3	3	2	2	1	3	3	2	2	2	2
710	1	3	1	1	2	1	3	2	2	2	2	3	3	2	2	3	1	3	1	3	3	1	2	2	3	1	2	2	3	1	2	3	3	1	2	2	3	3	3	2	2	3	2	2	2	2	2	1	2	1	1	3	2	2	2	1	3	3	1	2	2	1	1	1	1	1	3	1	1	1	1	2	2	1	2	3	3	2	3	3	2	1	2	2	1	2	3	1	3	1	2	1	3	1	2	2	1	1	2	1	3	3	3	2	3	1	3	1	3	3	2	2	1	3	3	3	3	3	1	2	2	2	1	2	3	1	1	1	2	3	2	2	2	1	2	3	1	2	3	3	1	2	1	2	3	3	3	1	1	1	3	1	3	1	3	1	1	1	1	2	2	2	1	1	3	2	1	1	3	1	2	2	2	2	2	1	1	3	2	1	1	3	1	2	2	2	2	1	1	3	2	1	1	3	1	3	1
729	1	3	2	1	2	1	1	2	2	1	3	2	2	2	2	2	3	2	1	1	3	3	1	2	2	3	2	2	3	1	2	1	3	3	3	1	3	2	1	2	3	2	3	1	3	2	3	2	2	3	3	3	3	1	1	1	2	2	1	1	1	2	3	2	2	1	1	2	3	1	1	3	3	3	3	1	2	2	1	2	1	3	1	2	3	2	2	3	3	1	2	1	1	2	1	3	2	2	1	1	2	3	1	3	2	3	2	3	1	3	3	2	2	1	3	3	1	2	1	2	2	2	1	3	3	1	1	3	3	3	1	1	1	1	1	1	3	1	1	3	1	1	1	2	3	3	1	3	1	2	3	3	3	3	3	3	3	2	1	2	1	1	1	2	1	3	2	3	2	1	2	3	2	1	1	1	2	1	3	2	3	2	1	2	2	1	1	1	2	1	3	2	3	2	1	2	1
728	2	3	2	2	3	3	1	3	2	2	1	1	2	1	2	1	1	2	3	3	1	1	2	2	2	3	2	3	1	1	1	3	1	2	3	3	2	1	1	1	3	2	2	2	3	3	1	3	1	1	2	1	1	3	2	2	3	3	1	2	2	2	2	1	3	1	2	3	1	2	1	1	2	1	3	3	2	1	1	3	2	3	2	1	2	3	2	1	3	1	1	3	2	1	3	3	3	2	1	2	3	1	1	1	1	1	1	3	2	1	1	3	3	3	1	2	1	3	2	1	2	2	2	3	1	3	2	2	1	1	1	2	2	1	2	2	2	3	1	2	3	1	1	3	1	3	2	2	1	3	2	3	1	2	1	1	3	3	1	2	2	2	3	1	2	3	1	1	2	3	1	1	2	2	2	3	1	2	3	1	1	2	3	1	2	2	2	3	1	2	3	1	1	2	3	2	3
740	3	1	3	1	1	3	2	1	1	2	2	2	2	2	3	3	2	1	3	1	3	2	1	3	3	3	1	2	2	3	3	3	2	3	1	1	3	2	3	2	1	3	3	2	2	3	3	1	2	1	1	3	2	1	3	1	3	3	1	1	2	2	3	1	3	3	2	1	1	3	2	2	3	3	2	2	1	3	3	2	3	3	3	2	2	2	2	3	2	1	2	3	3	3	2	1	3	3	2	3	3	3	1	2	2	3	2	1	3	3	3	3	3	2	2	3	3	2	1	1	3	1	3	2	2	3	3	3	2	2	2	2	3	2	3	1	1	3	3	1	2	3	2	2	3	2	3	2	2	1	1	1	1	2	1	3	1	1	3	3	3	3	3	2	2	1	3	1	2	1	1	1	3	3	3	3	2	2	1	3	1	2	1	1	3	3	3	3	2	2	1	3	1	2	1	2	1
748	2	1	3	3	3	2	3	1	2	3	1	2	3	2	3	2	1	1	1	2	3	2	2	2	3	2	2	3	3	3	1	1	3	1	1	1	3	1	3	2	2	2	2	1	3	1	3	1	3	3	1	3	1	3	3	1	1	1	2	1	3	3	1	3	1	1	2	2	3	1	1	1	3	3	3	1	2	1	1	2	1	3	1	1	1	3	2	3	1	3	3	2	1	3	1	1	3	2	3	1	1	3	2	3	1	1	1	1	2	2	2	2	3	3	2	1	2	3	3	3	1	1	2	2	1	1	1	2	3	3	1	3	3	1	3	2	1	1	2	2	1	3	2	1	3	1	2	1	2	1	3	3	1	2	1	3	2	1	3	1	2	3	2	2	1	3	3	3	3	3	1	3	1	2	3	2	2	1	3	3	3	3	3	1	1	2	3	2	2	1	3	3	3	3	3	3	3
760	2	2	3	3	2	2	2	2	1	3	3	2	3	3	2	2	1	1	3	2	3	1	2	1	1	2	3	3	1	2	2	3	3	1	1	2	2	2	2	3	1	2	1	1	3	1	2	3	1	3	3	2	1	3	3	1	2	1	1	2	3	2	3	2	3	3	1	1	2	2	2	1	3	3	3	3	1	2	2	3	1	1	2	3	1	1	1	1	2	3	2	2	3	3	3	1	3	3	3	2	3	1	1	3	3	1	3	1	1	3	3	2	2	3	3	2	1	2	1	1	2	3	3	1	3	1	1	3	3	2	2	2	2	1	1	2	3	1	1	2	3	2	1	2	2	2	3	3	3	2	3	3	2	1	1	1	2	3	2	1	3	1	2	1	2	1	1	2	1	2	1	2	1	3	1	2	1	2	1	1	2	1	2	1	1	3	1	2	1	2	1	1	2	1	2	1	2
762	1	3	1	1	3	3	2	1	1	1	1	1	3	1	3	3	2	3	2	3	3	2	2	3	1	3	2	1	3	3	1	1	2	2	2	2	3	2	1	3	2	3	3	3	1	2	3	2	3	2	1	3	2	3	1	2	1	2	2	3	2	3	2	1	1	1	1	3	1	2	3	3	1	2	1	3	3	1	3	2	3	2	2	3	1	3	3	2	1	2	2	3	2	1	2	1	1	1	3	2	2	2	2	2	1	1	1	2	3	2	1	2	3	2	1	2	2	3	2	3	2	2	1	1	1	2	1	1	2	1	2	3	3	2	2	1	2	1	2	3	3	2	2	3	2	3	2	3	1	1	2	3	1	3	2	3	1	2	1	3	3	1	1	3	1	1	2	1	3	1	3	3	3	3	1	1	3	1	1	2	1	3	1	3	3	3	1	1	3	1	1	2	1	3	1	3	1
834	3	1	3	1	2	2	3	2	2	3	1	1	2	2	2	3	3	2	1	2	3	1	1	3	3	1	1	1	1	3	3	1	3	1	3	3	2	1	1	1	2	2	3	3	1	1	3	1	2	1	2	3	2	1	2	1	3	1	2	1	3	2	2	1	1	2	1	1	1	1	3	2	3	3	2	2	3	3	2	3	2	3	1	2	2	3	1	3	1	3	2	1	1	3	1	2	2	3	1	3	1	2	2	3	2	1	2	1	2	3	3	3	3	1	2	3	3	2	2	1	1	1	2	3	2	2	3	2	2	3	3	3	2	3	1	1	1	1	2	1	1	1	3	1	2	3	3	2	3	2	3	2	2	3	1	3	1	1	2	2	2	3	2	1	2	3	2	1	3	3	1	1	2	2	3	2	1	2	3	2	1	3	3	1	2	2	3	2	1	2	3	2	1	3	3	3	3
764	3	3	3	1	1	3	1	2	2	3	3	3	3	1	2	3	2	2	3	1	2	3	3	2	1	2	2	2	1	2	1	2	3	3	2	3	2	2	1	2	1	3	3	2	3	2	2	3	2	1	2	3	1	1	2	3	2	3	2	1	2	1	2	3	1	1	1	1	1	1	3	1	1	2	3	3	2	3	3	1	3	3	1	1	1	1	3	3	2	1	2	3	2	1	3	1	2	1	2	1	1	2	1	3	2	3	2	2	1	2	3	2	2	1	2	1	1	2	3	1	1	3	2	3	3	3	2	3	1	2	2	3	1	1	3	2	3	2	2	2	3	3	1	2	1	3	2	3	1	2	2	2	1	2	3	1	3	1	3	1	2	1	2	1	3	1	3	3	3	2	2	2	1	2	1	2	1	3	1	3	3	3	2	2	1	2	1	2	1	3	1	3	3	3	2	3	2
626	3	1	3	3	3	1	1	1	1	1	3	1	3	2	2	2	2	1	2	2	3	1	3	2	3	1	2	2	1	3	3	2	1	2	1	2	2	1	2	2	3	3	3	2	2	3	1	3	3	1	3	1	1	2	3	1	2	2	3	3	2	3	2	3	2	1	3	1	3	3	1	2	3	1	1	3	1	1	2	3	3	1	3	1	2	3	3	1	3	2	1	2	3	1	3	1	1	3	3	3	1	2	1	2	3	2	2	3	1	2	1	3	2	3	1	1	2	1	1	1	2	1	3	2	2	3	3	2	3	3	2	1	2	3	2	3	3	2	3	3	3	1	3	2	1	3	3	2	2	3	2	3	3	3	3	1	3	1	1	3	2	3	3	2	3	3	1	3	3	1	1	3	3	2	3	3	2	3	3	1	3	3	1	1	3	2	3	3	2	3	3	1	3	3	1	3	1
768	2	2	2	1	3	2	3	3	3	3	1	3	2	1	2	1	2	3	3	2	2	2	2	1	3	1	1	1	3	3	1	2	3	3	1	2	3	3	2	2	1	1	1	3	1	3	1	3	1	2	1	2	1	2	3	2	1	2	3	2	2	1	1	1	3	3	3	2	2	2	3	1	1	2	2	1	1	1	3	2	2	3	3	2	3	2	1	2	3	1	3	2	3	1	2	3	3	1	1	2	1	2	2	3	2	2	2	3	1	2	3	2	1	2	3	1	3	1	1	2	2	2	1	3	2	1	2	3	2	2	3	3	2	2	2	1	3	3	2	3	3	3	2	2	1	3	2	3	1	3	3	3	2	1	1	3	3	2	1	3	2	3	2	2	2	2	2	1	1	2	1	3	3	2	3	2	2	2	2	2	1	1	2	1	3	2	3	2	2	2	2	2	1	1	2	1	2
776	1	3	2	1	3	1	3	2	2	2	3	3	3	3	3	1	3	2	2	2	3	3	3	3	3	1	3	2	2	2	3	3	3	3	3	1	3	2	2	2	3	3	3	3	3	1	3	2	2	2	3	3	3	3	3	1	3	2	2	2	3	3	3	3	3	1	3	2	2	2	3	3	3	3	3	1	3	2	2	2	3	3	3	3	3	1	3	2	2	2	3	3	3	3	3	1	3	2	2	2	3	3	3	3	3	1	3	2	2	2	3	3	3	3	3	1	3	2	2	2	3	3	3	3	3	1	3	2	2	2	3	3	3	3	1	3	2	1	3	1	3	2	2	2	3	3	3	3	3	1	3	2	2	2	3	3	3	1	3	2	1	3	1	3	2	2	2	3	3	3	3	3	1	3	2	2	2	3	3	3	1	3	2	1	3	1	3	2	2	2	3	3	3	3	3	3	3
780	1	1	3	1	1	3	3	1	1	2	1	3	2	3	1	3	3	1	1	2	1	3	2	3	1	3	3	1	1	2	1	3	2	3	1	3	3	1	1	2	1	3	2	3	1	3	3	1	1	2	1	3	2	3	1	3	3	1	1	2	1	3	2	3	1	3	3	1	1	2	1	3	2	3	1	3	3	1	1	2	1	3	2	3	1	3	3	1	1	2	1	3	2	3	1	3	3	1	1	2	1	3	2	3	1	3	3	1	1	2	1	3	2	3	1	3	3	1	1	2	1	3	2	3	1	3	3	1	1	2	1	3	2	3	1	1	3	1	1	3	3	1	1	2	1	3	2	3	1	3	3	1	1	2	1	3	2	1	1	3	1	1	3	3	1	1	2	1	3	2	3	1	3	3	1	1	2	1	3	2	1	1	3	1	1	3	3	1	1	2	1	3	2	3	1	3	1
148	3	1	2	1	3	3	3	2	2	1	1	2	1	3	3	3	3	2	2	1	1	2	1	3	3	3	3	2	2	1	1	2	1	3	3	3	3	2	2	1	1	2	1	3	3	3	3	2	2	1	1	2	1	3	3	3	3	2	2	1	1	2	1	3	3	3	3	2	2	1	1	2	1	3	3	3	3	2	2	1	1	2	1	3	3	3	3	2	2	1	1	2	1	3	3	3	3	2	2	1	1	2	1	3	3	3	3	2	2	1	1	2	1	3	3	3	3	2	2	1	1	2	1	3	3	3	3	2	2	1	1	2	1	3	3	1	2	1	3	3	3	2	2	1	1	2	1	3	3	3	3	2	2	1	1	2	1	3	1	2	1	3	3	3	2	2	1	1	2	1	3	3	3	3	2	2	1	1	2	1	3	1	2	1	3	3	3	2	2	1	1	2	1	3	3	3	3
203	2	1	2	1	1	2	2	1	1	1	2	3	1	3	1	2	2	1	1	1	2	3	1	3	1	2	2	1	1	1	2	3	1	3	1	2	2	1	1	1	2	3	1	3	1	2	2	1	1	1	2	3	1	3	1	2	2	1	1	1	2	3	1	3	1	2	2	1	1	1	2	3	1	3	1	2	2	1	1	1	2	3	1	3	1	2	2	1	1	1	2	3	1	3	1	2	2	1	1	1	2	3	1	3	1	2	2	1	1	1	2	3	1	3	1	2	2	1	1	1	2	3	1	3	1	2	2	1	1	1	2	3	1	3	2	1	2	1	1	2	2	1	1	1	2	3	1	3	1	2	2	1	1	1	2	3	1	2	1	2	1	1	2	2	1	1	1	2	3	1	3	1	2	2	1	1	1	2	3	1	2	1	2	1	1	2	2	1	1	1	2	3	1	3	1	3	1
788	2	3	3	2	3	3	3	2	3	3	3	3	1	3	3	3	3	2	3	3	3	3	1	3	3	3	3	2	3	3	3	3	1	3	3	3	3	2	3	3	3	3	1	3	3	3	3	2	3	3	3	3	1	3	3	3	3	2	3	3	3	3	1	3	3	3	3	2	3	3	3	3	1	3	3	3	3	2	3	3	3	3	1	3	3	3	3	2	3	3	3	3	1	3	3	3	3	2	3	3	3	3	1	3	3	3	3	2	3	3	3	3	1	3	3	3	3	2	3	3	3	3	1	3	3	3	3	2	3	3	3	3	1	3	2	3	3	2	3	3	3	2	3	3	3	3	1	3	3	3	3	2	3	3	3	3	1	2	3	3	2	3	3	3	2	3	3	3	3	1	3	3	3	3	2	3	3	3	3	1	2	3	3	2	3	3	3	2	3	3	3	3	1	3	3	3	3
792	3	1	2	2	2	2	1	3	3	2	1	3	2	2	2	2	1	3	3	2	1	3	2	2	2	2	1	3	3	2	1	3	2	2	2	2	1	3	3	2	1	3	2	2	2	2	1	3	3	2	1	3	2	2	2	2	1	3	3	2	1	3	2	2	2	2	1	3	3	2	1	3	2	2	2	2	1	3	3	2	1	3	2	2	2	2	1	3	3	2	1	3	2	2	2	2	1	3	3	2	1	3	2	2	2	2	1	3	3	2	1	3	2	2	2	2	1	3	3	2	1	3	2	2	2	2	1	3	3	2	1	3	2	2	3	1	2	2	2	2	1	3	3	2	1	3	2	2	2	2	1	3	3	2	1	3	2	3	1	2	2	2	2	1	3	3	2	1	3	2	2	2	2	1	3	3	2	1	3	2	3	1	2	2	2	2	1	3	3	2	1	3	2	2	2	2	2
795	1	2	2	1	2	3	1	2	1	1	1	1	2	2	2	3	1	2	1	1	1	1	2	2	2	3	1	2	1	1	1	1	2	2	2	3	1	2	1	1	1	1	2	2	2	3	1	2	1	1	1	1	2	2	2	3	1	2	1	1	1	1	2	2	2	3	1	2	1	1	1	1	2	2	2	3	1	2	1	1	1	1	2	2	2	3	1	2	1	1	1	1	2	2	2	3	1	2	1	1	1	1	2	2	2	3	1	2	1	1	1	1	2	2	2	3	1	2	1	1	1	1	2	2	2	3	1	2	1	1	1	1	2	2	1	2	2	1	2	3	1	2	1	1	1	1	2	2	2	3	1	2	1	1	1	1	2	1	2	2	1	2	3	1	2	1	1	1	1	2	2	2	3	1	2	1	1	1	1	2	1	2	2	1	2	3	1	2	1	1	1	1	2	2	2	2	2
798	1	2	1	3	2	2	1	3	3	3	3	3	1	1	2	2	1	3	3	3	3	3	1	1	2	2	1	3	3	3	3	3	1	1	2	2	1	3	3	3	3	3	1	1	2	2	1	3	3	3	3	3	1	1	2	2	1	3	3	3	3	3	1	1	2	2	1	3	3	3	3	3	1	1	2	2	1	3	3	3	3	3	1	1	2	2	1	3	3	3	3	3	1	1	2	2	1	3	3	3	3	3	1	1	2	2	1	3	3	3	3	3	1	1	2	2	1	3	3	3	3	3	1	1	2	2	1	3	3	3	3	3	1	1	1	2	1	3	2	2	1	3	3	3	3	3	1	1	2	2	1	3	3	3	3	3	1	1	2	1	3	2	2	1	3	3	3	3	3	1	1	2	2	1	3	3	3	3	3	1	1	2	1	3	2	2	1	3	3	3	3	3	1	1	2	1	2
800	1	3	2	1	2	2	1	1	1	2	1	1	1	1	2	2	1	1	1	2	1	1	1	1	2	2	1	1	1	2	1	1	1	1	2	2	1	1	1	2	1	1	1	1	2	2	1	1	1	2	1	1	1	1	2	2	1	1	1	2	1	1	1	1	2	2	1	1	1	2	1	1	1	1	2	2	1	1	1	2	1	1	1	1	2	2	1	1	1	2	1	1	1	1	2	2	1	1	1	2	1	1	1	1	2	2	1	1	1	2	1	1	1	1	2	2	1	1	1	2	1	1	1	1	2	2	1	1	1	2	1	1	1	1	1	3	2	1	2	2	1	1	1	2	1	1	1	1	2	2	1	1	1	2	1	1	1	1	3	2	1	2	2	1	1	1	2	1	1	1	1	2	2	1	1	1	2	1	1	1	1	3	2	1	2	2	1	1	1	2	1	1	1	1	2	1	2
804	2	3	1	1	1	2	2	2	2	1	3	1	3	1	1	2	2	2	2	1	3	1	3	1	1	2	2	2	2	1	3	1	3	1	1	2	2	2	2	1	3	1	3	1	1	2	2	2	2	1	3	1	3	1	1	2	2	2	2	1	3	1	3	1	1	2	2	2	2	1	3	1	3	1	1	2	2	2	2	1	3	1	3	1	1	2	2	2	2	1	3	1	3	1	1	2	2	2	2	1	3	1	3	1	1	2	2	2	2	1	3	1	3	1	1	2	2	2	2	1	3	1	3	1	1	2	2	2	2	1	3	1	3	1	2	3	1	1	1	2	2	2	2	1	3	1	3	1	1	2	2	2	2	1	3	1	3	2	3	1	1	1	2	2	2	2	1	3	1	3	1	1	2	2	2	2	1	3	1	3	2	3	1	1	1	2	2	2	2	1	3	1	3	1	1	1	1
348	3	2	2	1	2	3	2	1	1	3	3	3	3	1	2	3	2	1	1	3	3	3	3	1	2	3	2	1	1	3	3	3	3	1	2	3	2	1	1	3	3	3	3	1	2	3	2	1	1	3	3	3	3	1	2	3	2	1	1	3	3	3	3	1	2	3	2	1	1	3	3	3	3	1	2	3	2	1	1	3	3	3	3	1	2	3	2	1	1	3	3	3	3	1	2	3	2	1	1	3	3	3	3	1	2	3	2	1	1	3	3	3	3	1	2	3	2	1	1	3	3	3	3	1	2	3	2	1	1	3	3	3	3	1	3	2	2	1	2	3	2	1	1	3	3	3	3	1	2	3	2	1	1	3	3	3	3	3	2	2	1	2	3	2	1	1	3	3	3	3	1	2	3	2	1	1	3	3	3	3	3	2	2	1	2	3	2	1	1	3	3	3	3	1	2	1	2
858	3	3	3	1	2	1	3	2	1	2	3	1	2	2	2	1	3	2	1	2	3	1	2	2	2	1	3	2	1	2	3	1	2	2	2	1	3	2	1	2	3	1	2	2	2	1	3	2	1	2	3	1	2	2	2	1	3	2	1	2	3	1	2	2	2	1	3	2	1	2	3	1	2	2	2	1	3	2	1	2	3	1	2	2	2	1	3	2	1	2	3	1	2	2	2	1	3	2	1	2	3	1	2	2	2	1	3	2	1	2	3	1	2	2	2	1	3	2	1	2	3	1	2	2	2	1	3	2	1	2	3	1	2	2	3	3	3	1	2	1	3	2	1	2	3	1	2	2	2	1	3	2	1	2	3	1	2	3	3	3	1	2	1	3	2	1	2	3	1	2	2	2	1	3	2	1	2	3	1	2	3	3	3	1	2	1	3	2	1	2	3	1	2	2	2	2	2
860	2	2	2	3	3	1	3	3	3	3	2	1	3	1	3	1	3	3	3	3	2	1	3	1	3	1	3	3	3	3	2	1	3	1	3	1	3	3	3	3	2	1	3	1	3	1	3	3	3	3	2	1	3	1	3	1	3	3	3	3	2	1	3	1	3	1	3	3	3	3	2	1	3	1	3	1	3	3	3	3	2	1	3	1	3	1	3	3	3	3	2	1	3	1	3	1	3	3	3	3	2	1	3	1	3	1	3	3	3	3	2	1	3	1	3	1	3	3	3	3	2	1	3	1	3	1	3	3	3	3	2	1	3	1	2	2	2	3	3	1	3	3	3	3	2	1	3	1	3	1	3	3	3	3	2	1	3	2	2	2	3	3	1	3	3	3	3	2	1	3	1	3	1	3	3	3	3	2	1	3	2	2	2	3	3	1	3	3	3	3	2	1	3	1	3	1	3
548	1	1	3	1	2	1	1	3	2	2	1	1	3	3	2	1	1	3	2	2	1	1	3	3	2	1	1	3	2	2	1	1	3	3	2	1	1	3	2	2	1	1	3	3	2	1	1	3	2	2	1	1	3	3	2	1	1	3	2	2	1	1	3	3	2	1	1	3	2	2	1	1	3	3	2	1	1	3	2	2	1	1	3	3	2	1	1	3	2	2	1	1	3	3	2	1	1	3	2	2	1	1	3	3	2	1	1	3	2	2	1	1	3	3	2	1	1	3	2	2	1	1	3	3	2	1	1	3	2	2	1	1	3	3	1	1	3	1	2	1	1	3	2	2	1	1	3	3	2	1	1	3	2	2	1	1	3	1	1	3	1	2	1	1	3	2	2	1	1	3	3	2	1	1	3	2	2	1	1	3	1	1	3	1	2	1	1	3	2	2	1	1	3	3	2	3	2
336	3	1	2	1	2	3	1	3	3	2	2	1	1	1	2	3	1	3	3	2	2	1	1	1	2	3	1	3	3	2	2	1	1	1	2	3	1	3	3	2	2	1	1	1	2	3	1	3	3	2	2	1	1	1	2	3	1	3	3	2	2	1	1	1	2	3	1	3	3	2	2	1	1	1	2	3	1	3	3	2	2	1	1	1	2	3	1	3	3	2	2	1	1	1	2	3	1	3	3	2	2	1	1	1	2	3	1	3	3	2	2	1	1	1	2	3	1	3	3	2	2	1	1	1	2	3	1	3	3	2	2	1	1	1	3	1	2	1	2	3	1	3	3	2	2	1	1	1	2	3	1	3	3	2	2	1	1	3	1	2	1	2	3	1	3	3	2	2	1	1	1	2	3	1	3	3	2	2	1	1	3	1	2	1	2	3	1	3	3	2	2	1	1	1	2	1	2
862	1	3	3	2	3	2	2	3	1	2	2	1	1	2	3	2	2	3	1	2	2	1	1	2	3	2	2	3	1	2	2	1	1	2	3	2	2	3	1	2	2	1	1	2	3	2	2	3	1	2	2	1	1	2	3	2	2	3	1	2	2	1	1	2	3	2	2	3	1	2	2	1	1	2	3	2	2	3	1	2	2	1	1	2	3	2	2	3	1	2	2	1	1	2	3	2	2	3	1	2	2	1	1	2	3	2	2	3	1	2	2	1	1	2	3	2	2	3	1	2	2	1	1	2	3	2	2	3	1	2	2	1	1	2	1	3	3	2	3	2	2	3	1	2	2	1	1	2	3	2	2	3	1	2	2	1	1	1	3	3	2	3	2	2	3	1	2	2	1	1	2	3	2	2	3	1	2	2	1	1	1	3	3	2	3	2	2	3	1	2	2	1	1	2	3	2	3
784	2	1	1	2	1	3	2	3	2	3	3	1	2	2	1	3	2	3	2	3	3	1	2	2	1	3	2	3	2	3	3	1	2	2	1	3	2	3	2	3	3	1	2	2	1	3	2	3	2	3	3	1	2	2	1	3	2	3	2	3	3	1	2	2	1	3	2	3	2	3	3	1	2	2	1	3	2	3	2	3	3	1	2	2	1	3	2	3	2	3	3	1	2	2	1	3	2	3	2	3	3	1	2	2	1	3	2	3	2	3	3	1	2	2	1	3	2	3	2	3	3	1	2	2	1	3	2	3	2	3	3	1	2	2	2	1	1	2	1	3	2	3	2	3	3	1	2	2	1	3	2	3	2	3	3	1	2	2	1	1	2	1	3	2	3	2	3	3	1	2	2	1	3	2	3	2	3	3	1	2	2	1	1	2	1	3	2	3	2	3	3	1	2	2	1	2	1
840	3	1	2	3	3	1	2	1	3	3	1	2	3	1	3	1	2	1	3	3	1	2	3	1	3	1	2	1	3	3	1	2	3	1	3	1	2	1	3	3	1	2	3	1	3	1	2	1	3	3	1	2	3	1	3	1	2	1	3	3	1	2	3	1	3	1	2	1	3	3	1	2	3	1	3	1	2	1	3	3	1	2	3	1	3	1	2	1	3	3	1	2	3	1	3	1	2	1	3	3	1	2	3	1	3	1	2	1	3	3	1	2	3	1	3	1	2	1	3	3	1	2	3	1	3	1	2	1	3	3	1	2	3	1	3	1	2	3	3	1	2	1	3	3	1	2	3	1	3	1	2	1	3	3	1	2	3	3	1	2	3	3	1	2	1	3	3	1	2	3	1	3	1	2	1	3	3	1	2	3	3	1	2	3	3	1	2	1	3	3	1	2	3	1	3	1	3
826	3	3	1	2	2	3	2	1	1	2	3	3	3	3	2	3	2	1	1	2	3	3	3	3	2	3	2	1	1	2	3	3	3	3	2	3	2	1	1	2	3	3	3	3	2	3	2	1	1	2	3	3	3	3	2	3	2	1	1	2	3	3	3	3	2	3	2	1	1	2	3	3	3	3	2	3	2	1	1	2	3	3	3	3	2	3	2	1	1	2	3	3	3	3	2	3	2	1	1	2	3	3	3	3	2	3	2	1	1	2	3	3	3	3	2	3	2	1	1	2	3	3	3	3	2	3	2	1	1	2	3	3	3	3	3	3	1	2	2	3	2	1	1	2	3	3	3	3	2	3	2	1	1	2	3	3	3	3	3	1	2	2	3	2	1	1	2	3	3	3	3	2	3	2	1	1	2	3	3	3	3	3	1	2	2	3	2	1	1	2	3	3	3	3	2	3	2
704	1	2	3	3	3	1	1	2	1	1	3	2	3	3	3	1	1	2	1	1	3	2	3	3	3	1	1	2	1	1	3	2	3	3	3	1	1	2	1	1	3	2	3	3	3	1	1	2	1	1	3	2	3	3	3	1	1	2	1	1	3	2	3	3	3	1	1	2	1	1	3	2	3	3	3	1	1	2	1	1	3	2	3	3	3	1	1	2	1	1	3	2	3	3	3	1	1	2	1	1	3	2	3	3	3	1	1	2	1	1	3	2	3	3	3	1	1	2	1	1	3	2	3	3	3	1	1	2	1	1	3	2	3	3	1	2	3	3	3	1	1	2	1	1	3	2	3	3	3	1	1	2	1	1	3	2	3	1	2	3	3	3	1	1	2	1	1	3	2	3	3	3	1	1	2	1	1	3	2	3	1	2	3	3	3	1	1	2	1	1	3	2	3	3	3	3	3
112	3	1	1	3	1	2	1	2	1	1	1	3	2	2	1	2	1	2	1	1	1	3	2	2	1	2	1	2	1	1	1	3	2	2	1	2	1	2	1	1	1	3	2	2	1	2	1	2	1	1	1	3	2	2	1	2	1	2	1	1	1	3	2	2	1	2	1	2	1	1	1	3	2	2	1	2	1	2	1	1	1	3	2	2	1	2	1	2	1	1	1	3	2	2	1	2	1	2	1	1	1	3	2	2	1	2	1	2	1	1	1	3	2	2	1	2	1	2	1	1	1	3	2	2	1	2	1	2	1	1	1	3	2	2	3	1	1	3	1	2	1	2	1	1	1	3	2	2	1	2	1	2	1	1	1	3	2	3	1	1	3	1	2	1	2	1	1	1	3	2	2	1	2	1	2	1	1	1	3	2	3	1	1	3	1	2	1	2	1	1	1	3	2	2	1	2	1
140	1	1	3	3	1	1	3	1	2	1	1	2	2	1	1	1	3	1	2	1	1	2	2	1	1	1	3	1	2	1	1	2	2	1	1	1	3	1	2	1	1	2	2	1	1	1	3	1	2	1	1	2	2	1	1	1	3	1	2	1	1	2	2	1	1	1	3	1	2	1	1	2	2	1	1	1	3	1	2	1	1	2	2	1	1	1	3	1	2	1	1	2	2	1	1	1	3	1	2	1	1	2	2	1	1	1	3	1	2	1	1	2	2	1	1	1	3	1	2	1	1	2	2	1	1	1	3	1	2	1	1	2	2	1	1	1	3	3	1	1	3	1	2	1	1	2	2	1	1	1	3	1	2	1	1	2	2	1	1	3	3	1	1	3	1	2	1	1	2	2	1	1	1	3	1	2	1	1	2	2	1	1	3	3	1	1	3	1	2	1	1	2	2	1	1	1	1
196	1	2	3	3	1	2	2	2	2	1	3	3	2	2	1	2	2	2	2	1	3	3	2	2	1	2	2	2	2	1	3	3	2	2	1	2	2	2	2	1	3	3	2	2	1	2	2	2	2	1	3	3	2	2	1	2	2	2	2	1	3	3	2	2	1	2	2	2	2	1	3	3	2	2	1	2	2	2	2	1	3	3	2	2	1	2	2	2	2	1	3	3	2	2	1	2	2	2	2	1	3	3	2	2	1	2	2	2	2	1	3	3	2	2	1	2	2	2	2	1	3	3	2	2	1	2	2	2	2	1	3	3	2	2	1	2	3	3	1	2	2	2	2	1	3	3	2	2	1	2	2	2	2	1	3	3	2	1	2	3	3	1	2	2	2	2	1	3	3	2	2	1	2	2	2	2	1	3	3	2	1	2	3	3	1	2	2	2	2	1	3	3	2	2	1	2	1
10	3	2	3	1	1	2	3	2	2	1	2	3	2	2	3	2	2	3	2	2	2	2	3	1	3	1	3	3	3	3	3	2	3	2	1	2	3	1	2	3	3	2	1	2	3	1	1	3	3	2	3	2	1	2	2	3	3	2	1	1	1	3	3	2	2	3	1	2	1	3	3	1	2	2	2	3	2	2	1	2	3	2	2	3	2	3	2	3	1	3	2	1	2	2	2	3	2	1	3	3	2	1	2	3	1	2	1	1	3	1	2	1	3	1	3	2	2	1	2	3	1	2	1	1	1	2	3	2	1	3	1	2	1	3	3	1	1	1	3	2	3	2	2	2	2	1	2	3	3	2	3	2	1	1	1	2	1	1	2	1	1	1	3	2	3	2	1	3	3	3	1	3	1	1	1	3	2	3	2	1	3	3	3	1	1	1	1	3	2	3	2	1	3	3	3	3	3
304	2	2	3	2	1	3	3	2	2	3	2	2	3	2	3	1	2	3	2	3	2	3	1	3	2	3	1	2	3	1	1	1	3	1	2	1	2	2	3	2	3	1	1	3	3	1	3	3	3	1	1	3	1	1	3	3	1	1	3	2	1	1	1	3	3	3	3	3	1	1	1	3	1	2	2	3	3	3	1	2	1	2	1	3	2	3	1	2	3	1	2	2	3	3	1	3	3	1	2	1	2	1	3	2	3	2	2	1	3	2	3	2	1	2	2	1	1	3	2	1	2	3	2	3	2	3	1	3	1	3	1	3	3	3	2	2	3	2	2	1	3	3	2	2	1	1	1	2	1	1	3	2	2	2	2	2	3	2	2	2	2	2	2	1	1	1	2	2	1	1	1	2	2	2	2	2	1	1	1	2	2	1	1	1	2	2	2	2	1	1	1	2	2	1	1	1	1
